rank,model_id,model_name,creator,release_date,aime_2025,aime_2025_pct,price_1m_blended_3_to_1,median_output_tokens_per_second,median_time_to_first_token_seconds,Pretraining compute,Source
1,498862c3-f9ac-49d2-852f-16a02bb0c38f,GPT-5.2 (xhigh),OpenAI,2025-12-11,0.99,99.0,4.813,121.068,44.619,,
2,5d11e7a1-4f70-4e5a-9364-e193761d6757,GPT-5 Codex (high),OpenAI,2025-09-23,0.987,98.7,3.438,241.363,17.508,,
3,7c73c3be-7f51-4d14-bec8-d5789488df25,Gemini 3 Flash Preview (Reasoning),Google,2025-12-17,0.97,97.0,1.125,224.765,11.082,,
4,84e3f11e-d659-4941-8988-1dbfabbaf538,GPT-5.2 (medium),OpenAI,2025-12-11,0.967,96.7,4.813,0.0,0.0,,
5,527e943a-adc6-4e69-93af-d1608e1b5fed,DeepSeek V3.2 Speciale,DeepSeek,2025-12-01,0.967,96.7,0.315,0.0,0.0,,
6,be185709-ddb4-4268-9597-856464359b25,MiMo-V2-Flash (Reasoning),Xiaomi,2025-12-16,0.963,96.3,0.15,153.872,1.389,,
7,04d023f3-025c-4d78-9571-53edda3eaf2a,GPT-5.1 Codex (high),OpenAI,2025-11-13,0.957,95.7,3.438,260.611,11.427,,
8,d1122eff-ee85-4fdc-8a9f-23bee6590667,Gemini 3 Pro Preview (high),Google,2025-11-18,0.957,95.7,4.5,136.324,30.511,,
9,6fc35842-0165-44cf-8570-c484a92b3d8c,GLM-4.7 (Reasoning),Z AI,2025-12-22,0.95,95.0,0.875,84.109,0.697,,
10,bddebfd3-0a8d-47f5-b722-bc4c2ca5a5dc,Kimi K2 Thinking,Kimi,2025-11-06,0.947,94.7,1.075,99.763,0.662,,
11,fb112343-c82c-4b43-afea-996bd5101d62,KAT-Coder-Pro V1,KwaiKAT,2025-11-11,0.947,94.7,0.0,63.838,1.011,,
12,48e50f00-1fd1-4acc-b337-61078aa341e6,GPT-5 (high),OpenAI,2025-08-07,0.943,94.3,3.438,124.972,81.898,,
13,4dc12a38-b18f-4c43-8e1b-678f8434b5b1,GPT-5.1 (high),OpenAI,2025-11-13,0.94,94.0,3.438,193.177,20.905,,
14,f0083258-8646-45b8-8082-7aaf6c2ea82a,gpt-oss-120B (high),OpenAI,2025-08-05,0.934,93.4,0.263,381.51,0.42,,
15,5ea94a4a-55ac-4ea1-8898-2b3971e94af6,Grok 4,xAI,2025-07-10,0.927,92.7,6.0,49.294,8.26,,
16,d621247c-d47e-458c-82cb-a166bc3b37e5,DeepSeek V3.2 (Reasoning),DeepSeek,2025-12-01,0.92,92.0,0.315,30.613,1.319,,
17,fd4454ff-e703-46c0-a7f5-fa69af09486d,GPT-5.1 Codex mini (high),OpenAI,2025-11-13,0.917,91.7,0.688,175.263,9.392,,
18,5e965af0-ca5c-4f47-9ba9-06000508b84a,GPT-5 (medium),OpenAI,2025-08-07,0.917,91.7,3.438,125.192,42.036,,
19,2660d74f-ce79-48a8-8b53-6e668e2071a2,Claude Opus 4.5 (Reasoning),Anthropic,2025-11-24,0.913,91.3,10.0,62.838,1.668,,
20,76dcf6ef-39ea-4be0-b693-b88da25b4caf,NVIDIA Nemotron 3 Nano 30B A3B (Reasoning),NVIDIA,2025-12-15,0.91,91.0,0.105,281.824,0.215,,
21,f6ccbe1d-bd7e-484b-9795-18cc9f91552d,Qwen3 235B A22B 2507 (Reasoning),Alibaba,2025-07-25,0.91,91.0,2.625,66.709,1.135,4752.0,https://arxiv.org/abs/2505.09388
22,29855680-7469-43eb-8b88-cd3fb1d99da3,GPT-5 mini (high),OpenAI,2025-08-07,0.907,90.7,0.688,71.056,119.905,,
23,84b49308-6b93-47aa-a4f6-776ee1a1e8cd,o4-mini (high),OpenAI,2025-04-16,0.907,90.7,1.925,155.398,43.917,,
24,0a7dda4d-cc9c-4a90-abc1-abb5772c901b,DeepSeek V3.1 Terminus (Reasoning),DeepSeek,2025-09-22,0.897,89.7,0.8,0.0,0.0,,
25,573bbd93-114c-4b71-9ede-a73a7d4bdf84,Grok 4 Fast (Reasoning),xAI,2025-09-19,0.897,89.7,0.275,163.318,4.541,,
26,018c60e8-e908-431a-ba57-c840b1df3987,Nova 2.0 Omni (medium),Amazon,2025-11-26,0.897,89.7,0.85,0.0,0.0,,
27,198b717f-42c8-4ab7-a699-ae9373d669d3,DeepSeek V3.1 (Reasoning),DeepSeek,2025-08-21,0.897,89.7,0.855,0.0,0.0,,
28,36f73aaf-d38a-4b56-a2b3-d04d17186910,gpt-oss-20B (high),OpenAI,2025-08-05,0.893,89.3,0.1,308.945,0.499,,
29,23149f9b-c904-43e2-9ec4-afa2bf843941,Grok 4.1 Fast (Reasoning),xAI,2025-11-19,0.893,89.3,0.275,169.346,9.731,,
30,a29e66d6-1c3c-456a-8770-59ee3845b35d,Ring-1T,InclusionAI,2025-10-13,0.893,89.3,0.98,0.0,0.0,,
31,0d94dc87-12c8-4d4a-8d99-804ce3f17bc2,Nova 2.0 Pro Preview (medium),Amazon,2025-11-27,0.89,89.0,3.438,137.348,18.692,,
32,fbdf8da1-b341-448c-b3cb-8aff1d8f70b9,Nova 2.0 Lite (medium),Amazon,2025-10-29,0.887,88.7,0.85,244.307,13.348,,
33,16c5b637-8bce-4252-81f2-1b87a36a4e4c,o3,OpenAI,2025-04-16,0.883,88.3,3.5,310.989,8.961,,
34,a803d3d0-d22e-49a0-ac2c-b9c6f1141065,Qwen3 VL 235B A22B (Reasoning),Alibaba,2025-09-23,0.883,88.3,2.625,42.408,1.009,4752.0,https://arxiv.org/abs/2505.09388
35,90e078f2-051b-4c63-8919-76618971cb3f,Claude 4.5 Sonnet (Reasoning),Anthropic,2025-09-29,0.88,88.0,6.0,67.448,1.921,,
36,a71c1a35-ccc8-43f0-a5a2-070a690b9a00,Apriel-v1.6-15B-Thinker,ServiceNow,2025-11-25,0.88,88.0,0.0,148.49,0.246,,
37,27202e5f-c82d-4710-92e9-4317877d4883,Gemini 2.5 Pro,Google,2025-06-05,0.877,87.7,3.438,161.926,32.233,,
38,af134350-8ba3-4629-b56b-00bd6dcf60c4,DeepSeek V3.2 Exp (Reasoning),DeepSeek,2025-09-29,0.877,87.7,0.315,30.942,1.386,,
39,ac1031bc-c53e-4af7-9c6e-2005e0ff44fa,Apriel-v1.5-15B-Thinker,ServiceNow,2025-09-30,0.875,87.5,0.0,145.476,0.176,,
40,b2f3191f-77d6-4155-8be6-330f0baa1ae5,Gemini 3 Pro Preview (low),Google,2025-11-18,0.867,86.7,4.5,135.043,4.026,,
41,6a5d56e1-bb68-4205-8d9b-26b97888bc84,GLM-4.6 (Reasoning),Z AI,2025-09-30,0.86,86.0,0.963,140.144,0.439,,
42,d2d7dd95-770f-4cb0-9bbc-d275ac19c265,GLM-4.6V (Reasoning),Z AI,2025-12-08,0.853,85.3,0.45,94.046,0.66,,
43,a518a64b-e337-48f3-85a1-ba7dc0e8f961,ERNIE 5.0 Thinking Preview,Baidu,2025-11-13,0.85,85.0,1.472,0.0,0.0,,
44,c3274a19-6d3c-4d01-ab9b-5055a0a40429,GPT-5 mini (medium),OpenAI,2025-08-07,0.85,85.0,0.688,69.395,35.334,,
45,ff9bc5e5-a02f-4270-983e-4b3f834f3363,Grok 3 mini Reasoning (high),xAI,2025-02-19,0.847,84.7,0.35,193.427,0.696,,
46,d370fcbf-c4a1-41a2-abc4-d204fcc3fcbf,Qwen3 VL 32B (Reasoning),Alibaba,2025-10-21,0.847,84.7,2.625,51.932,0.973,6912.0,https://arxiv.org/abs/2505.09388
47,80fb9560-3613-4865-be24-548f8559e5e7,Doubao-Seed-1.8,ByteDance Seed,2025-12-18,0.847,84.7,0.152,0.0,0.0,,
48,5c6533f3-75a2-4109-b9a9-3623afc6b86a,Seed-OSS-36B-Instruct,ByteDance Seed,2025-08-20,0.847,84.7,0.3,32.701,1.637,,
49,c8a79180-7d16-4474-8701-9a77c0baa56a,Qwen3 Next 80B A3B (Reasoning),Alibaba,2025-09-11,0.843,84.3,1.875,185.861,1.012,648.0,https://arxiv.org/abs/2505.09388
50,e18e5e6a-5a31-4c0b-b80b-ac401392f446,GPT-5 nano (high),OpenAI,2025-08-07,0.837,83.7,0.138,134.71,96.203,,
51,a6340098-d7ae-462d-b372-0a0a67fc44b4,Claude 4.5 Haiku (Reasoning),Anthropic,2025-10-15,0.837,83.7,2.0,90.883,0.441,,
52,47b7df55-5804-40de-ba11-317de786710a,Ring-flash-2.0,InclusionAI,2025-09-19,0.837,83.7,0.247,87.956,1.404,,
53,7f3c9423-3ee3-4369-a6d9-3f2a40aff00e,GPT-5 (low),OpenAI,2025-08-07,0.83,83.0,3.438,121.627,25.584,,
54,272ff333-442f-4169-a804-ac9177bc99d7,MiniMax-M2.1,MiniMax,2025-12-23,0.827,82.7,0.525,73.499,1.467,,
55,2aacdc07-5f4e-4ab9-8ea5-5f7ab93f9eeb,Qwen3 4B 2507 (Reasoning),Alibaba,2025-08-06,0.827,82.7,0.0,0.0,0.0,864.0,https://arxiv.org/abs/2505.09388
56,cbac8c35-e069-4c73-823e-0953e6ed0e85,Qwen3 Max Thinking,Alibaba,2025-11-03,0.823,82.3,2.4,38.037,1.728,,
57,ce3d286e-093d-413d-a81a-0270309f039e,Qwen3 VL 30B A3B (Reasoning),Alibaba,2025-10-03,0.823,82.3,0.75,104.658,0.92,648.0,https://arxiv.org/abs/2505.09388
58,864da2a5-156c-45fd-873c-8923be91914f,Magistral Medium 1.2,Mistral,2025-09-18,0.82,82.0,2.75,36.249,0.533,,
59,bbe6d782-e630-48d5-b11c-3ce37f373f1e,Qwen3 235B A22B (Reasoning),Alibaba,2025-04-28,0.82,82.0,2.625,61.902,1.043,4752.0,https://arxiv.org/abs/2505.09388
60,5d303dc9-c027-401f-9803-4e9aa3331007,GLM-4.5-Air,Z AI,2025-07-28,0.807,80.7,0.425,105.265,0.631,,
61,7ae943a9-9310-4472-a834-c61f0ab68485,Qwen3 Max,Alibaba,2025-09-23,0.807,80.7,2.4,30.47,1.607,,
62,70152cb0-fb36-4732-a925-89ef40994be1,Magistral Small 1.2,Mistral,2025-09-17,0.803,80.3,0.75,216.352,0.334,,
63,666eb13f-0d22-4438-8eb0-01876e1a8604,Motif-2-12.7B-Reasoning,Motif Technologies,2025-12-04,0.803,80.3,0.0,0.0,0.0,,
64,ccbfa8c3-a762-480b-aade-34fb9697f98c,Claude 4.1 Opus (Reasoning),Anthropic,2025-08-05,0.803,80.3,30.0,45.256,1.312,,
65,44b19b51-5367-4ef9-a2ff-2f90b89a0867,EXAONE 4.0 32B (Reasoning),LG AI Research,2025-07-15,0.8,80.0,0.7,93.748,0.317,,
66,4d6dd5ce-08cb-4e87-9288-1dd2f022aa35,Doubao Seed Code,ByteDance Seed,2025-11-11,0.793,79.3,0.407,0.0,0.0,,
67,e0099b99-d368-4562-b0de-4016ea58af54,Mi:dm K 2.5 Pro Preview,Korea Telecom,2025-12-11,0.787,78.7,0.0,0.0,0.0,,
68,f74ea286-cd29-4eb4-af14-1389b19c21e5,MiniMax-M2,MiniMax,2025-10-26,0.783,78.3,0.525,66.09,1.758,,
69,a38d719a-709c-4983-b3e7-7090389ae9a6,K2-V2 (high),MBZUAI Institute of Foundation Models,2025-12-05,0.783,78.3,0.0,0.0,0.0,,
70,8eb02396-f231-4189-ae15-05f7facebd9b,GPT-5 nano (medium),OpenAI,2025-08-07,0.783,78.3,0.138,146.066,56.434,,
71,c7667559-d9b6-43f1-8cd8-8bdbc78d190b,Gemini 2.5 Flash Preview (Sep '25) (Reasoning),Google,2025-09-25,0.783,78.3,0.85,324.018,12.483,,
72,39b64e04-7a69-4aa2-9e2e-fe38c24681ec,OLMo 3.1 32B Think,Allen Institute for AI,2025-12-12,0.773,77.3,0.0,37.192,0.502,,
73,e1cfa926-9e2b-4a0d-8c31-48366a5041c5,Llama Nemotron Super 49B v1.5 (Reasoning),NVIDIA,2025-07-25,0.767,76.7,0.175,75.479,0.225,,
74,a83f84b3-473a-4276-9ae1-8909da723159,DeepSeek R1 0528 (May '25),DeepSeek,2025-05-28,0.76,76.0,2.362,0.0,0.0,,
75,6e6e02fd-9cbd-417f-9bfc-673df89c313d,NVIDIA Nemotron Nano 12B v2 VL (Reasoning),NVIDIA,2025-10-28,0.75,75.0,0.3,125.87,0.204,,
76,5b2beb12-81a9-47a1-8a2a-d0a727185b50,Qwen3 Max (Preview),Alibaba,2025-09-05,0.75,75.0,2.4,42.092,1.786,,
77,a7564055-f8ba-4c4b-9e2d-060f61263645,Claude 4 Sonnet (Reasoning),Anthropic,2025-05-22,0.743,74.3,6.0,56.696,0.832,,
78,b97ef678-2d31-4375-9416-67ea97f87204,Qwen3 Omni 30B A3B (Reasoning),Alibaba,2025-09-22,0.74,74.0,0.43,95.614,0.928,648.0,https://arxiv.org/abs/2505.09388
79,c8a3fa87-735e-49a9-afb1-270c5e9f53f7,OLMo 3 32B Think,Allen Institute for AI,2025-11-20,0.737,73.7,0.237,0.0,0.0,,
80,1cf439b8-0cfd-47b2-9de2-9a2157e6762b,GLM-4.5 (Reasoning),Z AI,2025-07-28,0.737,73.7,1.0,49.039,0.699,,
81,219ed587-60c5-4a48-9517-8480e08d0ca1,Gemini 2.5 Flash (Reasoning),Google,2025-05-20,0.733,73.3,0.85,276.55,15.879,,
82,8a4a5ead-7789-4389-8400-30e9d20370b7,Claude 4 Opus (Reasoning),Anthropic,2025-05-22,0.733,73.3,30.0,45.594,1.258,,
83,3068def4-7270-4c06-a320-6f6a5623d564,GLM-4.5V (Reasoning),Z AI,2025-08-11,0.73,73.0,0.9,56.411,0.718,,
84,b00ecd62-a53f-4aed-b833-3e9d6b0170ba,Qwen3 32B (Reasoning),Alibaba,2025-04-28,0.73,73.0,2.625,89.465,0.888,6912.0,https://arxiv.org/abs/2505.09388
85,ea5d2c10-1051-437d-95c2-18d5e4d14ff3,Cogito v2.1 (Reasoning),Deep Cogito,2025-11-18,0.727,72.7,1.25,74.03,0.315,,
86,51d0b717-953d-4b44-af61-406c6b7dff39,Qwen3 VL 30B A3B Instruct,Alibaba,2025-10-03,0.723,72.3,0.35,95.239,0.933,648.0,https://arxiv.org/abs/2505.09388
87,3e6cf518-a1f4-42d3-8fcf-827c9bd8e6d5,Qwen3 30B A3B (Reasoning),Alibaba,2025-04-28,0.723,72.3,0.75,95.869,1.006,648.0,https://arxiv.org/abs/2505.09388
88,3373245b-e6dc-4b66-a7b0-3f06f9b7bd46,Qwen3 235B A22B 2507 Instruct,Alibaba,2025-07-21,0.717,71.7,1.225,42.419,1.097,4752.0,https://arxiv.org/abs/2505.09388
89,15b56b8e-7b93-4ed9-ac06-75c922e3b86e,Ling-1T,InclusionAI,2025-10-08,0.713,71.3,0.0,0.0,0.0,,
90,338216fb-62c2-48f1-898a-9166d12fb35e,OLMo 3 7B Think,Allen Institute for AI,2025-11-20,0.707,70.7,0.14,114.662,0.533,,
91,d58cf573-1bd3-4d1f-9182-5482a460f570,Qwen3 VL 235B A22B Instruct,Alibaba,2025-09-23,0.707,70.7,1.225,35.089,1.046,4752.0,https://arxiv.org/abs/2505.09388
92,f1d52583-9d20-4099-99ac-b5df9430c3b6,NVIDIA Nemotron Nano 9B V2 (Reasoning),NVIDIA,2025-08-18,0.697,69.7,0.07,52.195,0.251,,
93,82b207dd-d285-4a52-b2fc-2cbd27543899,Hermes 4 - Llama-3.1 405B (Reasoning),Nous Research,2025-08-27,0.697,69.7,1.5,35.217,0.764,,
94,84922739-425f-46e1-87ac-bb4268dcacbb,Gemini 2.5 Flash-Lite Preview (Sep '25) (Reasoning),Google,2025-09-08,0.687,68.7,0.175,553.19,6.44,,
95,6ba9e8eb-8124-436d-842f-dbe36df80c27,Hermes 4 - Llama-3.1 70B (Reasoning),Nous Research,2025-08-27,0.687,68.7,0.198,78.089,0.609,,
96,6da314d3-a984-4734-8f31-47dd32fb4699,Qwen3 VL 32B Instruct,Alibaba,2025-10-21,0.683,68.3,1.225,42.666,1.023,6912.0,https://arxiv.org/abs/2505.09388
97,0e34f05c-387e-4968-be15-ccec4a55d8c1,DeepSeek R1 (Jan '25),DeepSeek,2025-01-20,0.68,68.0,2.362,0.0,0.0,,
98,82b36b4d-84dd-4bc0-ad32-e3aee9442789,MiMo-V2-Flash (Non-reasoning),Xiaomi,2025-12-16,0.677,67.7,0.15,115.439,1.504,,
99,c99f3bde-7c08-4de8-bd5c-8ee9123ebffa,gpt-oss-120B (low),OpenAI,2025-08-05,0.667,66.7,0.263,324.117,0.453,,
100,2698f6c6-e436-47ce-a583-dbc25596c571,Qwen3 Next 80B A3B Instruct,Alibaba,2025-09-11,0.663,66.3,0.875,184.866,1.033,648.0,https://arxiv.org/abs/2505.09388
101,7ec1065a-c90e-41e4-bd17-abb7042eed76,Qwen3 30B A3B 2507 Instruct,Alibaba,2025-07-29,0.663,66.3,0.35,58.965,0.939,648.0,https://arxiv.org/abs/2505.09388
102,882a5da3-94ca-4602-8693-c45970df17e2,Ling-flash-2.0,InclusionAI,2025-09-17,0.653,65.3,0.247,57.432,1.534,,
103,dd738be7-2b69-4775-91a5-8851d3341c2d,K2-V2 (medium),MBZUAI Institute of Foundation Models,2025-12-05,0.647,64.7,0.0,0.0,0.0,,
104,6000145b-0e3d-4fef-a55f-bcaac84803b2,DeepSeek R1 0528 Qwen3 8B,DeepSeek,2025-05-29,0.637,63.7,0.068,39.928,1.198,,
105,cf095603-72b6-47f8-8ee1-09a42890f92a,Llama 3.1 Nemotron Ultra 253B v1 (Reasoning),NVIDIA,2025-04-07,0.637,63.7,0.9,36.598,0.75,,
106,f4274721-ef28-4121-aa88-8e97267a5a82,Nova 2.0 Pro Preview (low),Amazon,2025-11-27,0.633,63.3,3.438,137.345,11.983,,
107,df95f83f-5ebb-466a-9d2d-b95efc8c012c,DeepSeek R1 Distill Qwen 32B,DeepSeek,2025-01-20,0.63,63.0,0.285,79.066,0.3,,
108,4077490a-bbfb-404e-979a-a97a20e3b5de,Claude Opus 4.5 (Non-reasoning),Anthropic,2025-11-24,0.627,62.7,10.0,80.863,2.079,,
109,16149b9c-a1e9-4669-a5cb-ff3c00d78f89,gpt-oss-20B (low),OpenAI,2025-08-05,0.623,62.3,0.1,273.553,0.588,,
110,2e8694f9-7782-47a6-a6ba-fdce89d939c8,NVIDIA Nemotron Nano 9B V2 (Non-reasoning),NVIDIA,2025-08-18,0.623,62.3,0.102,84.376,0.358,,
111,eb689f7a-f210-4a87-b407-f249897f2764,Solar Pro 2 (Reasoning),Upstage,2025-07-09,0.613,61.3,0.5,112.914,0.973,,
112,9ca246a7-cf13-42c9-9182-5b5ad6b79026,MiniMax M1 80k,MiniMax,2025-06-17,0.61,61.0,0.825,0.0,0.0,,
113,6afbfb62-27e4-435e-9c85-d9fe1b92519e,Gemini 2.5 Flash (Non-reasoning),Google,2025-05-20,0.603,60.3,0.85,236.304,0.384,,
114,6d9a176d-feb8-4dac-8872-afe32b31897f,DeepSeek V3.2 (Non-reasoning),DeepSeek,2025-12-01,0.59,59.0,0.315,29.142,1.311,,
115,339a92c1-8a42-417f-8d1f-cdbc605acd9e,HyperCLOVA X SEED Think (32B),Naver,2025-12-26,0.59,59.0,0.0,0.0,0.0,,
116,2443ac9e-a3db-423d-accb-8963f6fb0a53,Grok 3,xAI,2025-02-19,0.58,58.0,6.0,40.988,0.839,,
117,ecc6524a-d521-458a-8327-5009e8ce6549,Qwen3 14B (Non-reasoning),Alibaba,2025-04-28,0.58,58.0,0.613,54.653,0.996,3024.0,https://arxiv.org/abs/2505.09388
118,07c35e00-2b12-44c8-91cc-408629cd569e,DeepSeek V3.2 Exp (Non-reasoning),DeepSeek,2025-09-29,0.577,57.7,0.315,30.275,1.247,,
119,66445f84-b2e3-4202-afdc-92ba0f0e5f36,Kimi K2 0905,Kimi,2025-09-05,0.573,57.3,1.2,97.749,0.502,,
120,441734a9-8901-4850-9bae-b474c370291f,Kimi K2,Kimi,2025-07-11,0.57,57.0,1.075,61.324,0.702,,
121,877fdfc9-2026-477a-af96-e4fd602c0131,Gemini 2.5 Flash Preview (Sep '25) (Non-reasoning),Google,2025-09-25,0.567,56.7,0.85,278.448,0.345,,
122,5e0164b3-d902-4bcb-a1b2-83b4f4cd6143,Qwen3 30B A3B 2507 (Reasoning),Alibaba,2025-07-30,0.563,56.3,0.75,177.432,0.941,648.0,https://arxiv.org/abs/2505.09388
123,13358187-4584-479c-ab43-5bcdf8f297a4,Claude 3.7 Sonnet (Reasoning),Anthropic,2025-02-24,0.563,56.3,6.0,0.0,0.0,,
124,b36ff8f3-0323-49d1-a063-ab09704fdb0c,Nova 2.0 Omni (low),Amazon,2025-11-26,0.56,56.0,0.85,0.0,0.0,,
125,783a0ea2-1eef-422a-8c3d-f6d40d943f54,Gemini 3 Flash Preview (Non-reasoning),Google,2025-12-17,0.557,55.7,1.125,202.177,0.702,,
126,b26ff709-1773-4595-ae44-78e0a5bac29c,DeepSeek R1 Distill Qwen 14B,DeepSeek,2025-01-20,0.557,55.7,0.15,63.649,0.955,,
127,4559e9f0-8aad-4681-89fb-68cb915e0f16,Qwen3 14B (Reasoning),Alibaba,2025-04-28,0.557,55.7,1.313,58.837,1.102,3024.0,https://arxiv.org/abs/2505.09388
128,1a8ba535-df18-459b-ad40-3199191296d7,Llama 3.3 Nemotron Super 49B v1 (Reasoning),NVIDIA,2025-03-18,0.547,54.7,0.0,0.0,0.0,,
129,4a845d7b-a52d-43bb-80b7-b58c7a0c155e,DeepSeek R1 Distill Llama 70B,DeepSeek,2025-01-20,0.537,53.7,0.875,86.521,0.859,,
130,dfb9292d-bc7c-4425-a260-4256217e709f,DeepSeek V3.1 Terminus (Non-reasoning),DeepSeek,2025-09-22,0.537,53.7,0.8,0.0,0.0,,
131,f4e8194a-d0e6-48eb-92be-4307de5aeeec,Gemini 2.5 Flash-Lite (Reasoning),Google,2025-06-17,0.533,53.3,0.175,304.615,18.901,,
132,b0249961-b8b2-479d-8325-a29ea17c7b89,Qwen3 4B 2507 Instruct,Alibaba,2025-08-06,0.523,52.3,0.0,0.0,0.0,864.0,https://arxiv.org/abs/2505.09388
133,0b226b82-1462-4860-bf1a-f8aed7024791,Qwen3 Omni 30B A3B Instruct,Alibaba,2025-09-22,0.523,52.3,0.43,88.807,0.883,648.0,https://arxiv.org/abs/2505.09388
134,6dd8ba55-5680-44a9-b309-82928165d5f0,GPT-5.2 (Non-reasoning),OpenAI,2025-12-11,0.51,51.0,4.813,78.337,0.666,,
135,d734e2ce-5cf8-467f-8148-586d02671333,Exaone 4.0 1.2B (Reasoning),LG AI Research,2025-07-15,0.503,50.3,0.0,0.0,0.0,,
136,b1fa84f8-1ed3-4124-b403-4655dafa4267,Llama 3.1 Nemotron Nano 4B v1.1 (Reasoning),NVIDIA,2025-05-20,0.5,50.0,0.0,0.0,0.0,,
137,fb65266f-5a7d-403c-85d5-ccdf0d1ca838,DeepSeek V3.1 (Non-reasoning),DeepSeek,2025-08-21,0.497,49.7,0.834,0.0,0.0,,
138,3d64bf83-232e-427e-8590-26b478bae4a8,Ling-mini-2.0,InclusionAI,2025-09-09,0.493,49.3,0.122,181.397,1.386,,
139,eab1492c-b853-4852-aa71-06b0ec2481c1,GPT-5 (ChatGPT),OpenAI,2025-08-07,0.483,48.3,3.438,183.465,0.673,,
140,81b6ddfc-111e-4422-bd44-42ee6165b699,GLM-4.7 (Non-reasoning),Z AI,2025-12-22,0.48,48.0,0.869,73.929,0.779,,
141,71f51ea9-94fe-4635-a80d-4cfffbb685f4,Gemini 2.5 Flash-Lite Preview (Sep '25) (Non-reasoning),Google,2025-09-25,0.467,46.7,0.175,471.625,0.297,,
142,6fd796d3-f346-4f66-97df-5da81714fc73,Nova 2.0 Lite (low),Amazon,2025-10-29,0.467,46.7,0.85,221.257,5.062,,
143,bc26bfdb-4923-4442-a6ca-e77392923581,GPT-5 mini (minimal),OpenAI,2025-08-07,0.467,46.7,0.688,69.54,0.746,,
144,9f7c7566-a704-49a2-a383-cb3181da33a4,GPT-4.1 mini,OpenAI,2025-04-14,0.463,46.3,0.7,77.723,0.484,,
145,946e7aab-db1c-4c3f-b0b3-7720d0cff187,GLM-4.6 (Non-reasoning),Z AI,2025-09-30,0.443,44.3,1.0,12.607,0.623,,
146,a06bd3fc-86db-4a8e-ae6d-7459444d08c9,Grok Code Fast 1,xAI,2025-08-28,0.433,43.3,0.525,257.996,4.748,,
147,2dbb6dc7-8c40-4b6d-af9c-cf805f83b79a,Grok 4 Fast (Non-reasoning),xAI,2025-09-19,0.413,41.3,0.275,127.639,0.623,,
148,8f74a6ed-f82f-4a2f-a96b-4914993e47da,OLMo 3 7B Instruct,Allen Institute for AI,2025-11-20,0.413,41.3,0.125,35.781,0.632,,
149,ae4fe623-80ab-4ea3-8921-70a18ea0fc7e,ERNIE 4.5 300B A47B,Baidu,2025-06-30,0.413,41.3,0.485,28.68,2.016,,
150,0fec07d5-a9b2-407a-b5f8-5bf10bd86b59,Magistral Small 1,Mistral,2025-06-10,0.413,41.3,0.75,214.069,0.327,,
151,0e49fe2d-dd3c-4ae5-b56f-a1c89e14b89e,DeepSeek R1 Distill Llama 8B,DeepSeek,2025-01-20,0.413,41.3,0.0,0.0,0.0,,
152,75e1c197-f239-4361-a9d6-66dccfead236,DeepSeek V3 0324,DeepSeek,2025-03-25,0.41,41.0,1.25,0.0,0.0,,
153,660965b2-66d2-49ee-a6b9-79a6ac47d3c0,Magistral Medium 1,Mistral,2025-06-10,0.403,40.3,2.75,38.978,0.496,,
154,2f60d80d-c3d3-4a43-bded-0557898c4618,EXAONE 4.0 32B (Non-reasoning),LG AI Research,2025-07-15,0.393,39.3,0.7,87.159,0.305,,
155,093883ed-f5fc-443b-8e18-afbfb166699e,Qwen3 Coder 480B A35B Instruct,Alibaba,2025-07-22,0.393,39.3,3.0,51.841,1.507,7560.0,https://arxiv.org/abs/2505.09388
156,c2b1e769-7aee-4669-8076-73918bdebf6c,Claude 4.5 Haiku (Non-reasoning),Anthropic,2025-10-15,0.39,39.0,2.0,104.691,0.397,,
157,5962d643-0a6f-4630-bb08-ab5720d80056,Qwen3 1.7B (Reasoning),Alibaba,2025-04-28,0.387,38.7,0.398,125.729,0.898,367.2,https://arxiv.org/abs/2505.09388
158,05a32e26-e609-4377-951b-8fa23d329926,Mistral Medium 3.1,Mistral,2025-08-12,0.383,38.3,0.8,84.491,0.419,,
159,4928e950-7f37-4475-b0dc-c5bad781a321,Mistral Large 3,Mistral,2025-12-02,0.38,38.0,0.75,47.872,0.535,,
160,d0b3d47e-aec6-425e-9de7-168dcc6d1e28,GPT-5.1 (Non-reasoning),OpenAI,2025-11-13,0.38,38.0,3.438,142.341,0.683,,
161,d034dafe-463d-4c50-956f-84fca657b26f,Claude 4 Sonnet (Non-reasoning),Anthropic,2025-05-22,0.38,38.0,6.0,58.358,1.072,,
162,91cb6144-4937-4e4e-aeda-b4341d355c10,Claude 4.5 Sonnet (Non-reasoning),Anthropic,2025-09-29,0.37,37.0,6.0,71.418,1.976,,
163,1f6478c9-3e22-4586-adbe-841782859677,Nova 2.0 Omni (Non-reasoning),Amazon,2025-11-26,0.37,37.0,0.85,227.423,0.689,,
164,f5d83128-047f-496d-ba49-8a428abe8345,Qwen3 VL 4B Instruct,Alibaba,2025-10-14,0.37,37.0,0.0,0.0,0.0,864.0,https://arxiv.org/abs/2505.09388
165,09f43999-b67b-4c1b-b050-44df41ed7e62,Devstral 2,Mistral,2025-12-09,0.367,36.7,0.0,55.61,0.455,,
166,598de97d-029e-47b6-96ec-dbc1e0f9045a,Kimi Linear 48B A3B Instruct,Kimi,2025-10-30,0.363,36.3,0.0,0.0,0.0,,
167,504412c2-2ada-499b-aebf-7e0a35c9d286,Claude 4 Opus (Non-reasoning),Anthropic,2025-05-22,0.363,36.3,30.0,39.421,1.367,,
168,dae31abc-0587-44d0-ba53-f78e96b6e486,K2-V2 (low),MBZUAI Institute of Foundation Models,2025-12-05,0.353,35.3,0.0,0.0,0.0,,
169,1d81aa1c-64c8-442a-9c41-81b37e407b91,Gemini 2.5 Flash-Lite (Non-reasoning),Google,2025-06-17,0.353,35.3,0.175,286.3,0.428,,
170,3b608b70-6434-4baa-99ad-45d499703c67,GPT-4.1,OpenAI,2025-04-14,0.347,34.7,3.5,116.474,0.502,,
171,ce819310-af7c-49d3-9a02-6845111e1788,Devstral Small 2,Mistral,2025-12-09,0.343,34.3,0.0,201.957,0.36,,
172,49fd01f9-887d-4479-b8ce-771a81ecef4e,Grok 4.1 Fast (Non-reasoning),xAI,2025-11-19,0.343,34.3,0.275,143.534,0.72,,
173,76bce7fb-3a3f-4b66-a78d-35ccf3edf5d2,Nova 2.0 Lite (Non-reasoning),Amazon,2025-10-29,0.337,33.7,0.85,221.879,0.525,,
174,dbbcf240-a69e-4078-8f16-7c94c7a8c514,Reka Flash 3,Reka AI,2025-03-10,0.337,33.7,0.35,48.993,1.322,,
175,9741f3c2-cbb1-4a3f-99ee-7bd7384d9038,Ministral 8B (Dec '25),Mistral,2025-12-02,0.317,31.7,0.15,192.594,0.278,,
176,c3738fb0-3408-4430-a699-760ae4b70c93,GPT-5 (minimal),OpenAI,2025-08-07,0.317,31.7,3.438,93.4,0.944,,
177,a20ae33a-46e1-41e6-81a0-fe8b00d2e538,Nova 2.0 Pro Preview (Non-reasoning),Amazon,2025-11-27,0.307,30.7,3.438,162.046,0.477,,
178,dec8073c-57e2-41c0-b1aa-7a62960f103f,Qwen3 VL 8B (Reasoning),Alibaba,2025-10-14,0.307,30.7,0.66,63.558,0.955,1728.0,https://arxiv.org/abs/2505.09388
179,59e22326-1bca-4432-a5fa-147fbe8854e7,Mistral Medium 3,Mistral,2025-05-07,0.303,30.3,0.8,95.433,0.353,,
180,713fae11-c75c-4f10-ae2c-8e4074cd58af,Ministral 14B (Dec '25),Mistral,2025-12-02,0.3,30.0,0.2,132.461,0.295,,
181,44db6283-aa82-4799-af4a-679fe0530845,Solar Pro 2 (Non-reasoning),Upstage,2025-07-09,0.3,30.0,0.5,116.381,1.003,,
182,9eae4ec4-61b8-48bc-9843-3edd506ae933,Devstral Small (Jul '25),Mistral,2025-07-10,0.293,29.3,0.15,240.005,0.363,,
183,da9fe224-8af3-46d7-a8c4-6220779c3f35,Qwen3 Coder 30B A3B Instruct,Alibaba,2025-07-31,0.29,29.0,0.9,102.929,1.447,648.0,https://arxiv.org/abs/2505.09388
184,ceb4d610-d0a4-48c1-bea0-80ed76f1e5ca,QwQ 32B,Alibaba,2025-03-05,0.29,29.0,0.473,32.303,1.37,,
185,3cf875b8-b6b5-42c0-ad70-617d5be59d00,Qwen3 VL 8B Instruct,Alibaba,2025-10-14,0.273,27.3,0.31,107.875,0.879,1728.0,https://arxiv.org/abs/2505.09388
186,05e45a36-b5c6-47a1-8adb-9ddc19add5b3,GPT-5 nano (minimal),OpenAI,2025-08-07,0.273,27.3,0.138,141.015,0.696,,
187,43da3718-3d6e-40dd-901a-05664179ff7f,Mistral Small 3.2,Mistral,2025-06-20,0.27,27.0,0.15,120.616,0.294,,
188,ab7f016c-a29b-4710-bdf6-6a5cd96aacca,NVIDIA Nemotron Nano 12B v2 VL (Non-reasoning),NVIDIA,2025-10-28,0.267,26.7,0.3,124.002,0.604,,
189,43098bd0-77ca-408b-b698-9d60b1d1c3b8,GLM-4.6V (Non-reasoning),Z AI,2025-12-08,0.263,26.3,0.45,56.355,0.81,,
190,43fc5506-c5ed-4dee-9b85-962bf7ae3986,DeepSeek V3 (Dec '24),DeepSeek,2024-12-26,0.26,26.0,0.625,0.0,0.0,,
191,f93d0750-b659-4ceb-a123-7e657904ef2b,Qwen3 VL 4B (Reasoning),Alibaba,2025-10-14,0.257,25.7,0.0,0.0,0.0,864.0,https://arxiv.org/abs/2505.09388
192,575498d6-60ec-466b-9372-fea19911fd07,"GPT-4o (March 2025, chatgpt-4o-latest)",OpenAI,2025-03-27,0.257,25.7,7.5,224.977,0.653,,
193,686ab020-ee58-4a70-a9ac-24d675a73506,LFM2 8B A1B,Liquid AI,2025-10-07,0.253,25.3,0.0,0.0,0.0,,
194,b2dd592a-fbc5-458a-b26d-f3964cbab82f,Qwen3 8B (Non-reasoning),Alibaba,2025-04-28,0.243,24.3,0.31,82.731,0.924,1728.0,https://arxiv.org/abs/2505.09388
195,8273650d-40e5-45ee-aeda-df71de784164,Exaone 4.0 1.2B (Non-reasoning),LG AI Research,2025-07-15,0.24,24.0,0.0,0.0,0.0,,
196,72c358fd-7d45-4d68-89aa-699743710924,GPT-4.1 nano,OpenAI,2025-04-14,0.24,24.0,0.175,185.937,0.374,,
197,43573c57-2403-46fb-af4b-a93de9a0c3f5,Qwen3 235B A22B (Non-reasoning),Alibaba,2025-04-28,0.237,23.7,1.225,46.603,1.08,4752.0,https://arxiv.org/abs/2505.09388
198,191a2097-cce3-49cf-881e-0c790892059f,Qwen3 4B (Reasoning),Alibaba,2025-04-28,0.223,22.3,0.398,92.063,0.854,864.0,https://arxiv.org/abs/2505.09388
199,66f4ce73-9a9b-4b49-9c6e-bedb9bfdc720,Ministral 3B (Dec '25),Mistral,2025-12-02,0.22,22.0,0.1,272.674,0.27,,
200,444cdb1e-bab8-42cd-938c-b2d7a93e2da1,DeepSeek R1 Distill Qwen 1.5B,DeepSeek,2025-01-20,0.22,22.0,0.0,0.0,0.0,,
201,bcca0e70-7e80-4c07-b1fa-b33bcfb19e51,Gemini 2.0 Flash (Feb '25),Google,2025-02-05,0.217,21.7,0.175,0.0,0.0,,
202,f3169f25-8c6f-48e4-ae87-0cf872dc0ec1,Qwen3 30B A3B (Non-reasoning),Alibaba,2025-04-28,0.217,21.7,0.35,87.452,1.01,648.0,https://arxiv.org/abs/2505.09388
203,d925845d-39ad-4de3-8495-f176b79828c0,Claude 3.7 Sonnet (Non-reasoning),Anthropic,2025-02-24,0.21,21.0,6.0,0.0,0.0,,
204,2bfdd17a-e027-4068-a54e-b0e90a6df118,Gemma 3 27B Instruct,Google,2025-03-12,0.207,20.7,0.0,46.857,0.962,2268.0,https://arxiv.org/abs/2503.19786
205,bf60740e-6aa5-422f-ba49-ef6e9d171205,Qwen3 32B (Non-reasoning),Alibaba,2025-04-28,0.197,19.7,1.225,84.589,0.886,6912.0,https://arxiv.org/abs/2505.09388
206,922c69c7-9037-43c6-8bcf-a1c555e7f3eb,Llama 4 Maverick,Meta,2025-04-05,0.193,19.3,0.422,131.574,0.411,,
207,9dba61f5-78ee-4190-8d1d-8e7063ffd386,Qwen3 8B (Reasoning),Alibaba,2025-04-28,0.19,19.0,0.66,86.131,0.874,1728.0,https://arxiv.org/abs/2505.09388
208,2e6400f5-85ca-4ebc-ba8f-c2811a631138,Gemma 3 12B Instruct,Google,2025-03-12,0.183,18.3,0.0,46.277,4.439,864.0,https://arxiv.org/abs/2503.19786
209,ee708f92-374e-4123-b900-e22d7b2afc19,Phi-4,Microsoft Azure,2024-12-12,0.18,18.0,0.219,13.174,0.484,840.0,https://arxiv.org/abs/2412.08905
210,4ae6c88d-9e4a-4850-89fe-18a1c04a66cc,Qwen3 0.6B (Reasoning),Alibaba,2025-04-28,0.18,18.0,0.398,201.31,0.835,129.6,https://arxiv.org/abs/2505.09388
211,e58bbffd-fdc2-412a-b6d7-ca0e3f5d611a,Nova Premier,Amazon,2025-04-30,0.173,17.3,5.0,79.776,0.802,,
212,d3968fd3-97d8-4693-8d26-19cefc6f5d5f,Hermes 4 - Llama-3.1 405B (Non-reasoning),Nous Research,2025-08-27,0.153,15.3,1.5,33.195,0.772,,
213,0081ab31-d10a-44a0-a10d-eee5533fec65,GLM-4.5V (Non-reasoning),Z AI,2025-08-11,0.153,15.3,0.9,55.883,0.663,,
214,b5c1c91a-7474-4409-9a9c-9c2ac45d9eb6,GPT-4o mini,OpenAI,2024-07-18,0.147,14.7,0.263,54.017,0.574,,
215,a797eaf3-6d75-4f29-86a8-e1243ce52d43,Gemma 3n E4B Instruct,Google,2025-06-26,0.143,14.3,0.025,57.746,0.415,,
216,adf9a85e-abc3-4f28-937b-db6655cc5238,Llama 4 Scout,Meta,2025-04-05,0.14,14.0,0.241,116.259,0.456,,
217,50f92d5f-f413-4c97-8dab-331101622a28,Mistral Large 2 (Nov '24),Mistral,2024-11-18,0.14,14.0,3.0,45.455,0.475,,
218,b4f7d7a4-869a-4ee7-b17a-4046cd1e79fd,Qwen2.5 Instruct 72B,Alibaba,2024-09-19,0.14,14.0,0.0,45.308,1.049,7776.0,https://arxiv.org/abs/2412.15115
219,5dba8d07-9992-483c-81db-dac97cb15ba8,Granite 4.0 H Small,IBM,2025-09-22,0.137,13.7,0.107,186.664,8.84,,
220,385376b1-9815-47dd-83cc-85aac34f247d,MiniMax M1 40k,MiniMax,2025-06-17,0.137,13.7,0.825,0.0,0.0,,
221,23b379f7-18df-492a-9fc1-a56c5a5b9cfc,NVIDIA Nemotron 3 Nano 30B A3B (Non-reasoning),NVIDIA,2025-12-15,0.133,13.3,0.105,249.238,0.218,,
222,3bc32f13-5afa-4e28-bce1-10e57376686b,Command A,Cohere,2025-03-13,0.13,13.0,4.375,101.937,0.21,,
223,222fb320-6e55-4672-846a-b6d5a24a45f4,Gemma 3 4B Instruct,Google,2025-03-12,0.127,12.7,0.0,44.465,1.037,96.0,https://arxiv.org/abs/2503.19786
224,235060f4-057d-4bd1-8b8e-4a92908c770e,Hermes 4 - Llama-3.1 70B (Non-reasoning),Nous Research,2025-08-27,0.113,11.3,0.198,71.785,0.611,,
225,7393c56a-ec31-48e9-b804-c04f2d2cb641,Llama 3.1 Nemotron Instruct 70B,NVIDIA,2024-10-15,0.11,11.0,1.2,40.114,0.387,,
226,f78138d6-2e04-4a84-919a-20d177cb6ff1,Jamba Reasoning 3B,AI21 Labs,2025-10-08,0.107,10.7,0.0,0.0,0.0,,
227,a8c67863-9d66-44dd-8d27-f58654ecde03,Gemma 3n E2B Instruct,Google,2025-06-26,0.103,10.3,0.0,46.259,0.276,,
228,0e5f6140-1154-4583-a3e0-8c032a338892,Qwen3 0.6B (Non-reasoning),Alibaba,2025-04-28,0.103,10.3,0.188,186.01,0.939,129.6,https://arxiv.org/abs/2505.09388
229,739e531a-eb0a-478f-bb67-5845b79ce65d,LFM2 2.6B,Liquid AI,2025-09-23,0.083,8.3,0.0,0.0,0.0,,
230,26c0b5df-efa7-470f-a65e-2d883329e493,Llama Nemotron Super 49B v1.5 (Non-reasoning),NVIDIA,2025-07-25,0.08,8.0,0.175,70.965,0.225,,
231,976cc8ad-7904-4056-83c5-960181f47d5f,Llama 3.3 Instruct 70B,Meta,2024-12-06,0.077,7.7,0.64,115.033,0.46,,
232,c4c3b42f-e0f0-48ca-b6f9-b296e7697806,Llama 3.3 Nemotron Super 49B v1 (Non-reasoning),NVIDIA,2025-03-18,0.077,7.7,0.0,0.0,0.0,,
233,2bb84433-f38e-4edc-9b65-4d7b1f473db9,Qwen3 1.7B (Non-reasoning),Alibaba,2025-04-28,0.073,7.3,0.188,114.073,0.866,367.2,https://arxiv.org/abs/2505.09388
234,546ec53f-273c-4af7-b13f-b88c41f45905,Nova Pro,Amazon,2024-12-03,0.07,7.0,1.4,0.0,0.0,,
235,5c3dd927-48a3-4f3c-8045-9b135f62dfbb,Nova Lite,Amazon,2024-12-03,0.07,7.0,0.105,225.459,0.404,,
236,9f873c2f-2c2d-4ccb-9e1b-71bf61b052be,Phi-4 Mini Instruct,Microsoft Azure,2024-02-26,0.067,6.7,0.0,45.165,0.304,,
237,2cff73da-4855-403c-afc9-5540feadcc15,Granite 3.3 8B (Non-reasoning),IBM,2025-04-16,0.067,6.7,0.085,0.0,0.0,,
238,dafbb6d2-4825-43d1-a927-feedcfd2e998,Granite 4.0 H 1B,IBM,2025-10-28,0.063,6.3,0.0,0.0,0.0,,
239,a2c8e7b2-57bf-4d1e-96ea-7944d786d94d,Granite 4.0 1B,IBM,2025-10-28,0.063,6.3,0.0,0.0,0.0,,
240,344c6718-c573-41d4-9556-10287a3fa1fc,Nova Micro,Amazon,2024-12-03,0.06,6.0,0.061,453.32,0.344,,
241,1fc32894-1060-493b-af94-62bb1068555e,Granite 4.0 Micro,IBM,2025-09-22,0.06,6.0,0.0,0.0,0.0,,
242,c1045dc0-4fd3-4adb-9548-18763e0d051f,GPT-4o (Nov '24),OpenAI,2024-11-20,0.06,6.0,4.375,197.272,0.365,,
243,aba82268-2bb7-4a0f-80be-9b7722e2145b,Devstral Medium,Mistral,2025-07-10,0.047,4.7,0.8,111.611,0.439,,
244,739684ba-0f63-4e2a-b4ee-30741c9e9320,Llama 3.1 Instruct 8B,Meta,2024-07-23,0.043,4.3,0.1,153.502,0.373,720.0,https://arxiv.org/abs/2407.21783
245,e5dd499f-c330-45ec-9ff0-a99209c82af7,Mistral Small 3,Mistral,2025-01-30,0.043,4.3,0.15,232.653,0.358,,
246,466aecdb-3d96-4191-bc52-b3366db38851,Llama 3.1 Instruct 70B,Meta,2024-07-23,0.04,4.0,0.56,60.401,0.387,6300.0,https://arxiv.org/abs/2407.21783
247,24ac5b00-5f03-4c47-8e37-522d1195383e,Mistral Small 3.1,Mistral,2025-03-17,0.037,3.7,0.15,110.385,0.305,,
248,d1720545-d0a8-4c15-a53e-ef5ca99ac7ea,Gemma 3 1B Instruct,Google,2025-03-13,0.033,3.3,0.0,42.98,0.527,12.0,https://arxiv.org/abs/2503.19786
249,0faadeeb-320c-45cf-9c76-5f8768f342e6,LFM2 1.2B,Liquid AI,2025-07-10,0.033,3.3,0.0,0.0,0.0,,
250,71e8d48c-1920-4f27-8ea9-1f10becc615a,Llama 3.2 Instruct 3B,Meta,2024-09-25,0.033,3.3,0.06,102.442,0.463,,
251,54442579-2a4d-40cc-b264-bc4ff29e311a,OLMo 2 32B,Allen Institute for AI,2025-03-13,0.033,3.3,0.0,0.0,0.0,,
252,45c87531-2d57-48e0-8012-202cd636189e,Llama 3.1 Instruct 405B,Meta,2024-07-23,0.03,3.0,4.188,25.083,0.812,37908.0,https://arxiv.org/abs/2407.21783
253,04781a0e-40f0-4e2a-a4e5-18e389364a79,Gemma 3 270M,Google,2025-08-14,0.023,2.3,0.0,0.0,0.0,,
254,78452c64-7303-4192-bca5-2d9ec5c623d4,Jamba 1.7 Large,AI21 Labs,2025-07-07,0.023,2.3,3.5,44.48,0.883,,
255,de0beaf0-c951-487a-8eb4-3dd12e74122c,Pixtral Large,Mistral,2024-11-18,0.023,2.3,3.0,27.933,0.603,,
256,5fb47ff6-a30e-4c2c-96f2-55e95a13390f,Llama 3.2 Instruct 11B (Vision),Meta,2024-09-25,0.017,1.7,0.16,70.176,0.404,,
257,a68afa0b-7fe2-4e9d-bf3e-741cce3c6aeb,Granite 4.0 H 350M,IBM,2025-10-28,0.013,1.3,0.0,0.0,0.0,,
258,f818a7bb-6f23-4b24-8d52-6b9c1a5ca628,OLMo 2 7B,Allen Institute for AI,2024-11-26,0.007,0.7,0.0,0.0,0.0,,
259,b4f14013-37dd-4c75-bd8a-378365d9ed77,Jamba 1.7 Mini,AI21 Labs,2025-07-07,0.003,0.3,0.25,127.022,0.753,,
260,ded8d96e-835f-4359-947a-a4c3bb78e983,Phi-3 Mini Instruct 3.8B,Microsoft Azure,2024-04-23,0.003,0.3,0.228,68.823,0.353,75.23999999999998,https://arxiv.org/abs/2404.14219
261,af74f222-05c7-422d-a653-b9c0707c9c72,Molmo 7B-D,Allen Institute for AI,2024-09-25,0.0,0.0,0.0,0.0,0.0,,
262,54c7f3fc-7078-442a-b472-e8691257a88c,Granite 4.0 350M,IBM,2025-10-28,0.0,0.0,0.0,0.0,0.0,,
263,80f7860a-7665-4658-9f05-15bccf5f832f,Llama 3.2 Instruct 1B,Meta,2024-09-25,0.0,0.0,0.053,77.77,0.416,,
264,1b05e346-e86a-4a20-8feb-7da8c65a99aa,Mistral Large 2 (Jul '24),Mistral,2024-07-24,0.0,0.0,3.0,0.0,0.0,,
