model,category,task,metric,value
DeepSeek-Coder-V2-Lite-Instruct,coding,LCB_generation,pass@1,0.2948717948717949
DeepSeek-Coder-V2-Lite-Instruct,coding,coding_completion,pass@1,0.2
DeepSeek-Coder-V2-Lite-Instruct,instruction_following,story_generation,combined_score,0.5576923076923077
DeepSeek-Coder-V2-Lite-Instruct,language,connections,accuracy,0.005
DeepSeek-Coder-V2-Lite-Instruct,language,plot_unscrambling,score,0.11405676321743892
DeepSeek-Coder-V2-Lite-Instruct,language,typos,accuracy,0.2
DeepSeek-R1-Distill-Qwen-32B,coding,LCB_generation,pass@1,0.5769230769230769
DeepSeek-R1-Distill-Qwen-32B,coding,coding_completion,pass@1,0.08
DeepSeek-R1-Distill-Qwen-32B,instruction_following,paraphrase,combined_score,0.3481666666666666
DeepSeek-R1-Distill-Qwen-32B,language,connections,accuracy,0.2583333333333333
DeepSeek-R1-Distill-Qwen-32B,language,plot_unscrambling,score,0.21945308075850675
DeepSeek-R1-Distill-Qwen-32B,language,typos,accuracy,0.32
DeepSeek-V2-Lite-Chat,coding,LCB_generation,pass@1,0.10256410256410256
DeepSeek-V2-Lite-Chat,coding,coding_completion,pass@1,0.04
DeepSeek-V2-Lite-Chat,instruction_following,story_generation,combined_score,0.5673076923076923
DeepSeek-V2-Lite-Chat,language,connections,accuracy,0.02
DeepSeek-V2-Lite-Chat,language,plot_unscrambling,score,0.09613327985687414
DeepSeek-V2-Lite-Chat,language,typos,accuracy,0.16
Dracarys2-72B-Instruct,instruction_following,paraphrase,combined_score,0.645
Dracarys2-72B-Instruct,language,connections,accuracy,0.27666666666666667
Llama-2-7b-chat-hf,coding,LCB_generation,pass@1,0.02564102564102564
Llama-2-7b-chat-hf,coding,coding_completion,pass@1,0.0
Llama-2-7b-chat-hf,instruction_following,story_generation,combined_score,0.45032051282051283
Llama-2-7b-chat-hf,language,connections,accuracy,0.0
Llama-2-7b-chat-hf,language,plot_unscrambling,score,0.10576235316112852
Llama-2-7b-chat-hf,language,typos,accuracy,0.1
Llama-3.1-Nemotron-70B-Instruct-HF,instruction_following,paraphrase,combined_score,0.5285
Llama-3.1-Nemotron-70B-Instruct-HF,language,connections,accuracy,0.25666666666666665
Meta-Llama-3-70B-Instruct,coding,LCB_generation,pass@1,0.32051282051282054
Meta-Llama-3-70B-Instruct,coding,coding_completion,pass@1,0.12
Meta-Llama-3-70B-Instruct,instruction_following,story_generation,combined_score,0.7900641025641026
Meta-Llama-3-70B-Instruct,language,connections,accuracy,0.31166666666666665
Meta-Llama-3-70B-Instruct,language,plot_unscrambling,score,0.3115354214751237
Meta-Llama-3-70B-Instruct,language,typos,accuracy,0.4
Meta-Llama-3-8B-Instruct,coding,LCB_generation,pass@1,0.2564102564102564
Meta-Llama-3-8B-Instruct,coding,coding_completion,pass@1,0.14
Meta-Llama-3-8B-Instruct,instruction_following,story_generation,combined_score,0.6378205128205128
Meta-Llama-3-8B-Instruct,language,connections,accuracy,0.2033333333333333
Meta-Llama-3-8B-Instruct,language,plot_unscrambling,score,0.15823118001049494
Meta-Llama-3-8B-Instruct,language,typos,accuracy,0.2
Meta-Llama-3.1-405B-Instruct-Turbo,coding,LCB_generation,pass@1,0.4358974358974359
Meta-Llama-3.1-405B-Instruct-Turbo,coding,coding_completion,pass@1,0.44
Meta-Llama-3.1-405B-Instruct-Turbo,instruction_following,story_generation,combined_score,0.7772435897435896
Meta-Llama-3.1-405B-Instruct-Turbo,language,connections,accuracy,0.44166666666666665
Meta-Llama-3.1-405B-Instruct-Turbo,language,plot_unscrambling,score,0.47377255621435543
Meta-Llama-3.1-405B-Instruct-Turbo,language,typos,accuracy,0.58
Meta-Llama-3.1-70B-Instruct-Turbo,coding,LCB_generation,pass@1,0.3333333333333333
Meta-Llama-3.1-70B-Instruct-Turbo,coding,coding_completion,pass@1,0.32
Meta-Llama-3.1-70B-Instruct-Turbo,instruction_following,story_generation,combined_score,0.8669871794871795
Meta-Llama-3.1-70B-Instruct-Turbo,language,connections,accuracy,0.41666666666666663
Meta-Llama-3.1-70B-Instruct-Turbo,language,plot_unscrambling,score,0.3942154506791578
Meta-Llama-3.1-70B-Instruct-Turbo,language,typos,accuracy,0.46
Meta-Llama-3.1-8B-Instruct-Turbo,coding,LCB_generation,pass@1,0.2948717948717949
Meta-Llama-3.1-8B-Instruct-Turbo,coding,coding_completion,pass@1,0.1
Meta-Llama-3.1-8B-Instruct-Turbo,instruction_following,story_generation,combined_score,0.5384615384615384
Meta-Llama-3.1-8B-Instruct-Turbo,language,connections,accuracy,0.13166666666666665
Meta-Llama-3.1-8B-Instruct-Turbo,language,plot_unscrambling,score,0.1697514314452753
Meta-Llama-3.1-8B-Instruct-Turbo,language,typos,accuracy,0.3
Mistral-7B-Instruct-v0.2,coding,LCB_generation,pass@1,0.21794871794871795
Mistral-7B-Instruct-v0.2,coding,coding_completion,pass@1,0.06
Mistral-7B-Instruct-v0.2,instruction_following,story_generation,combined_score,0.6282051282051282
Mistral-7B-Instruct-v0.2,language,connections,accuracy,0.06166666666666667
Mistral-7B-Instruct-v0.2,language,plot_unscrambling,score,0.12997591432731098
Mistral-7B-Instruct-v0.2,language,typos,accuracy,0.08
Mistral-7B-Instruct-v0.3,coding,LCB_generation,pass@1,0.1794871794871795
Mistral-7B-Instruct-v0.3,coding,coding_completion,pass@1,0.04
Mistral-7B-Instruct-v0.3,instruction_following,story_generation,combined_score,0.530448717948718
Mistral-7B-Instruct-v0.3,language,connections,accuracy,0.06166666666666666
Mistral-7B-Instruct-v0.3,language,plot_unscrambling,score,0.15391527196971627
Mistral-7B-Instruct-v0.3,language,typos,accuracy,0.14
Mixtral-8x22B-Instruct-v0.1,coding,LCB_generation,pass@1,0.32
Mixtral-8x22B-Instruct-v0.1,coding,coding_completion,pass@1,0.34210526315789475
Mixtral-8x22B-Instruct-v0.1,instruction_following,story_generation,combined_score,0.7419871794871795
Mixtral-8x22B-Instruct-v0.1,language,connections,accuracy,0.2516666666666667
Mixtral-8x22B-Instruct-v0.1,language,plot_unscrambling,score,0.2826641133758614
Mixtral-8x22B-Instruct-v0.1,language,typos,accuracy,0.26
Mixtral-8x7B-Instruct-v0.1,coding,LCB_generation,pass@1,0.2
Mixtral-8x7B-Instruct-v0.1,coding,coding_completion,pass@1,0.02631578947368421
Mixtral-8x7B-Instruct-v0.1,instruction_following,story_generation,combined_score,0.578525641025641
Mixtral-8x7B-Instruct-v0.1,language,connections,accuracy,0.15
Mixtral-8x7B-Instruct-v0.1,language,plot_unscrambling,score,0.16283909913143693
Mixtral-8x7B-Instruct-v0.1,language,typos,accuracy,0.1
OpenHermes-2.5-Mistral-7B,coding,LCB_generation,pass@1,0.20512820512820512
OpenHermes-2.5-Mistral-7B,coding,coding_completion,pass@1,0.06
OpenHermes-2.5-Mistral-7B,instruction_following,story_generation,combined_score,0.6634615384615384
OpenHermes-2.5-Mistral-7B,language,connections,accuracy,0.01
OpenHermes-2.5-Mistral-7B,language,plot_unscrambling,score,0.15105233678094537
OpenHermes-2.5-Mistral-7B,language,typos,accuracy,0.18
Phi-3-medium-128k-instruct,coding,LCB_generation,pass@1,0.28205128205128205
Phi-3-medium-128k-instruct,coding,coding_completion,pass@1,0.16
Phi-3-medium-128k-instruct,instruction_following,story_generation,combined_score,0.7275641025641026
Phi-3-medium-128k-instruct,language,connections,accuracy,0.095
Phi-3-medium-128k-instruct,language,plot_unscrambling,score,0.14769906946658495
Phi-3-medium-128k-instruct,language,typos,accuracy,0.14
Phi-3-medium-4k-instruct,coding,LCB_generation,pass@1,0.2692307692307692
Phi-3-medium-4k-instruct,coding,coding_completion,pass@1,0.14
Phi-3-medium-4k-instruct,instruction_following,story_generation,combined_score,0.5352564102564102
Phi-3-medium-4k-instruct,language,connections,accuracy,0.14
Phi-3-medium-4k-instruct,language,plot_unscrambling,score,0.15727074826196613
Phi-3-medium-4k-instruct,language,typos,accuracy,0.12
Phi-3-mini-128k-instruct,coding,LCB_generation,pass@1,0.23076923076923078
Phi-3-mini-128k-instruct,coding,coding_completion,pass@1,0.07
Phi-3-mini-128k-instruct,instruction_following,story_generation,combined_score,0.5480769230769231
Phi-3-mini-128k-instruct,language,connections,accuracy,0.02
Phi-3-mini-128k-instruct,language,plot_unscrambling,score,0.11293762329071597
Phi-3-mini-128k-instruct,language,typos,accuracy,0.1
Phi-3-mini-4k-instruct,coding,LCB_generation,pass@1,0.23076923076923078
Phi-3-mini-4k-instruct,coding,coding_completion,pass@1,0.08
Phi-3-mini-4k-instruct,instruction_following,story_generation,combined_score,0.6538461538461539
Phi-3-mini-4k-instruct,language,connections,accuracy,0.03
Phi-3-mini-4k-instruct,language,plot_unscrambling,score,0.13176517424845974
Phi-3-mini-4k-instruct,language,typos,accuracy,0.08
Phi-3-small-128k-instruct,coding,LCB_generation,pass@1,0.3113207547169811
Phi-3-small-128k-instruct,coding,coding_completion,pass@1,0.18
Phi-3-small-128k-instruct,instruction_following,story_generation,combined_score,0.7419871794871795
Phi-3-small-128k-instruct,language,connections,accuracy,0.12833333333333333
Phi-3-small-128k-instruct,language,plot_unscrambling,score,0.13762692267514276
Phi-3-small-128k-instruct,language,typos,accuracy,0.2
Phi-3-small-8k-instruct,coding,LCB_generation,pass@1,0.24528301886792453
Phi-3-small-8k-instruct,coding,coding_completion,pass@1,0.16
Phi-3-small-8k-instruct,instruction_following,story_generation,combined_score,0.6923076923076923
Phi-3-small-8k-instruct,language,connections,accuracy,0.195
Phi-3-small-8k-instruct,language,plot_unscrambling,score,0.15887940574148662
Phi-3-small-8k-instruct,language,typos,accuracy,0.1
Phi-3.5-MoE-instruct,coding,LCB_generation,pass@1,0.2948717948717949
Phi-3.5-MoE-instruct,coding,coding_completion,pass@1,0.14
Phi-3.5-MoE-instruct,instruction_following,story_generation,combined_score,0.6282051282051282
Phi-3.5-MoE-instruct,language,connections,accuracy,0.11
Phi-3.5-MoE-instruct,language,plot_unscrambling,score,0.14215079091916002
Phi-3.5-MoE-instruct,language,typos,accuracy,0.26
Phi-3.5-mini-instruct,coding,LCB_generation,pass@1,0.21794871794871795
Phi-3.5-mini-instruct,coding,coding_completion,pass@1,0.1
Phi-3.5-mini-instruct,instruction_following,story_generation,combined_score,0.7115384615384616
Phi-3.5-mini-instruct,language,connections,accuracy,0.051666666666666666
Phi-3.5-mini-instruct,language,plot_unscrambling,score,0.1183216890375149
Phi-3.5-mini-instruct,language,typos,accuracy,0.12
QwQ-32B-Preview,coding,LCB_generation,pass@1,0.5641025641025641
QwQ-32B-Preview,coding,coding_completion,pass@1,0.18
QwQ-32B-Preview,instruction_following,paraphrase,combined_score,0.3678333333333333
QwQ-32B-Preview,language,connections,accuracy,0.275
QwQ-32B-Preview,language,plot_unscrambling,score,0.23330905892156673
QwQ-32B-Preview,language,typos,accuracy,0.2
Qwen1.5-0.5B-Chat,coding,LCB_generation,pass@1,0.0
Qwen1.5-0.5B-Chat,coding,coding_completion,pass@1,0.0
Qwen1.5-0.5B-Chat,instruction_following,story_generation,combined_score,0.2644230769230769
Qwen1.5-0.5B-Chat,language,connections,accuracy,0.0
Qwen1.5-0.5B-Chat,language,plot_unscrambling,score,0.08633023816673879
Qwen1.5-0.5B-Chat,language,typos,accuracy,0.0
Qwen1.5-1.8B-Chat,coding,LCB_generation,pass@1,0.0
Qwen1.5-1.8B-Chat,coding,coding_completion,pass@1,0.0
Qwen1.5-1.8B-Chat,instruction_following,story_generation,combined_score,0.29967948717948717
Qwen1.5-1.8B-Chat,language,connections,accuracy,0.0
Qwen1.5-1.8B-Chat,language,plot_unscrambling,score,0.09467053404185939
Qwen1.5-1.8B-Chat,language,typos,accuracy,0.0
Qwen1.5-110B-Chat,coding,LCB_generation,pass@1,0.2564102564102564
Qwen1.5-110B-Chat,coding,coding_completion,pass@1,0.18
Qwen1.5-110B-Chat,instruction_following,story_generation,combined_score,0.5512820512820513
Qwen1.5-110B-Chat,language,connections,accuracy,0.2033333333333333
Qwen1.5-110B-Chat,language,plot_unscrambling,score,0.15339667833270546
Qwen1.5-110B-Chat,language,typos,accuracy,0.04
Qwen1.5-4B-Chat,coding,LCB_generation,pass@1,0.08974358974358974
Qwen1.5-4B-Chat,coding,coding_completion,pass@1,0.0
Qwen1.5-4B-Chat,instruction_following,story_generation,combined_score,0.36217948717948717
Qwen1.5-4B-Chat,language,connections,accuracy,0.0
Qwen1.5-4B-Chat,language,plot_unscrambling,score,0.09395117866775
Qwen1.5-4B-Chat,language,typos,accuracy,0.08
Qwen1.5-72B-Chat,coding,LCB_generation,pass@1,0.2564102564102564
Qwen1.5-72B-Chat,coding,coding_completion,pass@1,0.2
Qwen1.5-72B-Chat,instruction_following,story_generation,combined_score,0.7339743589743589
Qwen1.5-72B-Chat,language,connections,accuracy,0.04166666666666667
Qwen1.5-72B-Chat,language,plot_unscrambling,score,0.1793767855791804
Qwen1.5-72B-Chat,language,typos,accuracy,0.12
Qwen1.5-7B-Chat,coding,LCB_generation,pass@1,0.1282051282051282
Qwen1.5-7B-Chat,coding,coding_completion,pass@1,0.06
Qwen1.5-7B-Chat,instruction_following,story_generation,combined_score,0.49038461538461536
Qwen1.5-7B-Chat,language,connections,accuracy,0.035
Qwen1.5-7B-Chat,language,plot_unscrambling,score,0.11045200681256935
Qwen1.5-7B-Chat,language,typos,accuracy,0.04
Qwen2-0.5B-Instruct,coding,LCB_generation,pass@1,0.02564102564102564
Qwen2-0.5B-Instruct,coding,coding_completion,pass@1,0.0
Qwen2-0.5B-Instruct,instruction_following,story_generation,combined_score,0.34294871794871795
Qwen2-0.5B-Instruct,language,connections,accuracy,0.0
Qwen2-0.5B-Instruct,language,plot_unscrambling,score,0.08415001609196684
Qwen2-0.5B-Instruct,language,typos,accuracy,0.0
Qwen2-1.5B-Instruct,coding,LCB_generation,pass@1,0.0641025641025641
Qwen2-1.5B-Instruct,coding,coding_completion,pass@1,0.04
Qwen2-1.5B-Instruct,instruction_following,story_generation,combined_score,0.41506410256410253
Qwen2-1.5B-Instruct,language,connections,accuracy,0.0
Qwen2-1.5B-Instruct,language,plot_unscrambling,score,0.091447129644625
Qwen2-1.5B-Instruct,language,typos,accuracy,0.0
Qwen2-72B-Instruct,coding,LCB_generation,pass@1,0.3076923076923077
Qwen2-72B-Instruct,coding,coding_completion,pass@1,0.34
Qwen2-72B-Instruct,instruction_following,story_generation,combined_score,0.8541666666666666
Qwen2-72B-Instruct,language,connections,accuracy,0.34
Qwen2-72B-Instruct,language,plot_unscrambling,score,0.33640791743962445
Qwen2-72B-Instruct,language,typos,accuracy,0.2
Qwen2-7B-Instruct,coding,LCB_generation,pass@1,0.358974358974359
Qwen2-7B-Instruct,coding,coding_completion,pass@1,0.22
Qwen2-7B-Instruct,instruction_following,story_generation,combined_score,0.46153846153846156
Qwen2-7B-Instruct,language,connections,accuracy,0.1
Qwen2-7B-Instruct,language,plot_unscrambling,score,0.14624777996136729
Qwen2-7B-Instruct,language,typos,accuracy,0.06
Qwen2.5-72B-Instruct-Turbo,coding,LCB_generation,pass@1,0.5128205128205128
Qwen2.5-72B-Instruct-Turbo,coding,coding_completion,pass@1,0.64
Qwen2.5-72B-Instruct-Turbo,instruction_following,paraphrase,combined_score,0.6551666666666667
Qwen2.5-72B-Instruct-Turbo,instruction_following,story_generation,combined_score,0.9150641025641026
Qwen2.5-72B-Instruct-Turbo,language,connections,accuracy,0.33166666666666667
Qwen2.5-72B-Instruct-Turbo,language,plot_unscrambling,score,0.37146929000255857
Qwen2.5-72B-Instruct-Turbo,language,typos,accuracy,0.38
Qwen2.5-7B-Instruct-Turbo,coding,LCB_generation,pass@1,0.3974358974358974
Qwen2.5-7B-Instruct-Turbo,coding,coding_completion,pass@1,0.37
Qwen2.5-7B-Instruct-Turbo,instruction_following,paraphrase,combined_score,0.506
Qwen2.5-7B-Instruct-Turbo,instruction_following,story_generation,combined_score,0.7227564102564104
Qwen2.5-7B-Instruct-Turbo,language,connections,accuracy,0.12166666666666666
Qwen2.5-7B-Instruct-Turbo,language,plot_unscrambling,score,0.1588911541802058
Qwen2.5-7B-Instruct-Turbo,language,typos,accuracy,0.18
Qwen2.5-Coder-32B-Instruct,coding,LCB_generation,pass@1,0.5769230769230769
Qwen2.5-Coder-32B-Instruct,coding,coding_completion,pass@1,0.56
Qwen2.5-Coder-32B-Instruct,instruction_following,paraphrase,combined_score,0.5633333333333334
Qwen2.5-Coder-32B-Instruct,instruction_following,story_generation,combined_score,0.8125
Qwen2.5-Coder-32B-Instruct,language,connections,accuracy,0.2316666666666667
Qwen2.5-Coder-32B-Instruct,language,plot_unscrambling,score,0.26236200110735464
Qwen2.5-Coder-32B-Instruct,language,typos,accuracy,0.26
Reflection-Llama-3.1-70B,coding,LCB_generation,pass@1,0.28205128205128205
Reflection-Llama-3.1-70B,coding,coding_completion,pass@1,0.06
Reflection-Llama-3.1-70B,instruction_following,story_generation,combined_score,0.5737179487179487
Reflection-Llama-3.1-70B,language,connections,accuracy,0.2733333333333333
Reflection-Llama-3.1-70B,language,plot_unscrambling,score,0.32039376010045195
Reflection-Llama-3.1-70B,language,typos,accuracy,0.42
Smaug-Qwen2-72B-Instruct,coding,LCB_generation,pass@1,0.25
Smaug-Qwen2-72B-Instruct,coding,coding_completion,pass@1,0.5
Starling-LM-7B-beta,coding,LCB_generation,pass@1,0.2692307692307692
Starling-LM-7B-beta,coding,coding_completion,pass@1,0.1
Starling-LM-7B-beta,instruction_following,story_generation,combined_score,0.41185897435897434
Starling-LM-7B-beta,language,connections,accuracy,0.045
Starling-LM-7B-beta,language,plot_unscrambling,score,0.1329300955802522
Starling-LM-7B-beta,language,typos,accuracy,0.1
Yi-6B-Chat,coding,LCB_generation,pass@1,0.0
Yi-6B-Chat,coding,coding_completion,pass@1,0.04
Yi-6B-Chat,instruction_following,story_generation,combined_score,0.4631410256410256
Yi-6B-Chat,language,connections,accuracy,0.0
Yi-6B-Chat,language,plot_unscrambling,score,0.10067400820869495
Yi-6B-Chat,language,typos,accuracy,0.04
acm_rewrite_qwen2-72B-Chat,coding,LCB_generation,pass@1,0.36
acm_rewrite_qwen2-72B-Chat,coding,coding_completion,pass@1,0.42105263157894735
acm_rewrite_qwen2-72B-Chat,instruction_following,story_generation,combined_score,0.7772435897435896
acm_rewrite_qwen2-72B-Chat,language,connections,accuracy,0.28
acm_rewrite_qwen2-72B-Chat,language,plot_unscrambling,score,0.3009016705711437
acm_rewrite_qwen2-72B-Chat,language,typos,accuracy,0.32
amazon.nova-lite-v1:0,coding,LCB_generation,pass@1,0.2692307692307692
amazon.nova-lite-v1:0,coding,coding_completion,pass@1,0.28
amazon.nova-lite-v1:0,instruction_following,paraphrase,combined_score,0.5710000000000001
amazon.nova-lite-v1:0,language,connections,accuracy,0.19
amazon.nova-lite-v1:0,language,plot_unscrambling,score,0.20274224044596603
amazon.nova-lite-v1:0,language,typos,accuracy,0.41
amazon.nova-micro-v1:0,coding,LCB_generation,pass@1,0.24358974358974358
amazon.nova-micro-v1:0,coding,coding_completion,pass@1,0.16
amazon.nova-micro-v1:0,instruction_following,paraphrase,combined_score,0.41200000000000003
amazon.nova-micro-v1:0,language,connections,accuracy,0.11
amazon.nova-micro-v1:0,language,plot_unscrambling,score,0.1480283781519947
amazon.nova-micro-v1:0,language,typos,accuracy,0.34
amazon.nova-pro-v1:0,coding,LCB_generation,pass@1,0.4230769230769231
amazon.nova-pro-v1:0,coding,coding_completion,pass@1,0.34
amazon.nova-pro-v1:0,instruction_following,paraphrase,combined_score,0.7013333333333334
amazon.nova-pro-v1:0,language,connections,accuracy,0.2383333333333333
amazon.nova-pro-v1:0,language,plot_unscrambling,score,0.3078974014145139
amazon.nova-pro-v1:0,language,typos,accuracy,0.59
azerogpt,coding,LCB_generation,pass@1,0.3076923076923077
azerogpt,coding,coding_completion,pass@1,0.32
azerogpt,instruction_following,paraphrase,combined_score,0.6104999999999999
azerogpt,language,connections,accuracy,0.19666666666666666
azerogpt,language,plot_unscrambling,score,0.26149711059551295
azerogpt,language,typos,accuracy,0.34
chatgpt-4o-latest-2025-01-29,coding,LCB_generation,pass@1,0.5512820512820513
chatgpt-4o-latest-2025-01-29,coding,coding_completion,pass@1,0.66
chatgpt-4o-latest-2025-01-29,instruction_following,paraphrase,combined_score,0.6611666666666666
chatgpt-4o-latest-2025-01-29,language,connections,accuracy,0.5216666666666666
chatgpt-4o-latest-2025-01-29,language,plot_unscrambling,score,0.4389769607539164
chatgpt-4o-latest-2025-01-29,language,typos,accuracy,0.53
chatgpt-4o-latest-2025-01-30,coding,LCB_generation,pass@1,0.47435897435897434
chatgpt-4o-latest-2025-01-30,coding,coding_completion,pass@1,0.48
chatgpt-4o-latest-2025-01-30,instruction_following,paraphrase,combined_score,0.6388333333333334
chatgpt-4o-latest-2025-01-30,language,connections,accuracy,0.42166666666666663
chatgpt-4o-latest-2025-01-30,language,plot_unscrambling,score,0.43640631768789395
chatgpt-4o-latest-2025-01-30,language,typos,accuracy,0.58
chatgpt-4o-latest-2025-03-27,coding,LCB_generation,pass@1,0.6794871794871795
chatgpt-4o-latest-2025-03-27,coding,coding_completion,pass@1,0.62
chatgpt-4o-latest-2025-03-27,instruction_following,paraphrase,combined_score,0.7296666666666667
chatgpt-4o-latest-2025-03-27,instruction_following,story_generation,combined_score,0.8076923076923077
chatgpt-4o-latest-2025-03-27,language,connections,accuracy,0.45666666666666667
chatgpt-4o-latest-2025-03-27,language,plot_unscrambling,score,0.43709435498112553
chatgpt-4o-latest-2025-03-27,language,typos,accuracy,0.64
claude-3-5-haiku-20241022,coding,LCB_generation,pass@1,0.48717948717948717
claude-3-5-haiku-20241022,coding,coding_completion,pass@1,0.54
claude-3-5-haiku-20241022,instruction_following,paraphrase,combined_score,0.5921666666666667
claude-3-5-haiku-20241022,instruction_following,story_generation,combined_score,0.7836538461538461
claude-3-5-haiku-20241022,language,connections,accuracy,0.315
claude-3-5-haiku-20241022,language,plot_unscrambling,score,0.28947456502521124
claude-3-5-haiku-20241022,language,typos,accuracy,0.57
claude-3-5-opus-20240229,language,plot_unscrambling,score,0.02830940988835723
claude-3-5-opus-20240229,language,typos,accuracy,0.0
claude-3-5-sonnet-20240620,coding,LCB_generation,pass@1,0.5769230769230769
claude-3-5-sonnet-20240620,coding,coding_completion,pass@1,0.64
claude-3-5-sonnet-20240620,instruction_following,paraphrase,combined_score,0.6793333333333333
claude-3-5-sonnet-20240620,instruction_following,story_generation,combined_score,0.7580128205128205
claude-3-5-sonnet-20240620,language,connections,accuracy,0.44083333333333335
claude-3-5-sonnet-20240620,language,plot_unscrambling,score,0.551438854359075
claude-3-5-sonnet-20240620,language,typos,accuracy,0.66
claude-3-5-sonnet-20241022,coding,LCB_generation,pass@1,0.6025641025641025
claude-3-5-sonnet-20241022,coding,coding_completion,pass@1,0.74
claude-3-5-sonnet-20241022,instruction_following,paraphrase,combined_score,0.6679999999999999
claude-3-5-sonnet-20241022,instruction_following,story_generation,combined_score,0.7371794871794872
claude-3-5-sonnet-20241022,language,connections,accuracy,0.49666666666666665
claude-3-5-sonnet-20241022,language,plot_unscrambling,score,0.5197434202640155
claude-3-5-sonnet-20241022,language,typos,accuracy,0.67
claude-3-7-sonnet-20250219-base,coding,LCB_generation,pass@1,0.5897435897435898
claude-3-7-sonnet-20250219-base,coding,coding_completion,pass@1,0.76
claude-3-7-sonnet-20250219-base,instruction_following,paraphrase,combined_score,0.7788333333333333
claude-3-7-sonnet-20250219-base,language,connections,accuracy,0.5583333333333333
claude-3-7-sonnet-20250219-base,language,plot_unscrambling,score,0.5583302412203218
claude-3-7-sonnet-20250219-base,language,typos,accuracy,0.68
claude-3-7-sonnet-20250219-thinking-25k,coding,LCB_generation,pass@1,0.7307692307692307
claude-3-7-sonnet-20250219-thinking-25k,coding,coding_completion,pass@1,0.7
claude-3-7-sonnet-20250219-thinking-25k,instruction_following,paraphrase,combined_score,0.8315
claude-3-7-sonnet-20250219-thinking-25k,language,connections,accuracy,0.7016666666666667
claude-3-7-sonnet-20250219-thinking-25k,language,plot_unscrambling,score,0.5472094123319966
claude-3-7-sonnet-20250219-thinking-25k,language,typos,accuracy,0.58
claude-3-7-sonnet-20250219-thinking-64k,coding,LCB_generation,pass@1,0.7307692307692307
claude-3-7-sonnet-20250219-thinking-64k,coding,coding_completion,pass@1,0.76
claude-3-7-sonnet-20250219-thinking-64k,instruction_following,paraphrase,combined_score,0.8568333333333333
claude-3-7-sonnet-20250219-thinking-64k,language,connections,accuracy,0.7133333333333333
claude-3-7-sonnet-20250219-thinking-64k,language,plot_unscrambling,score,0.5591054807196334
claude-3-7-sonnet-20250219-thinking-64k,language,typos,accuracy,0.65
claude-3-haiku-20240307,coding,LCB_generation,pass@1,0.2692307692307692
claude-3-haiku-20240307,coding,coding_completion,pass@1,0.22
claude-3-haiku-20240307,instruction_following,paraphrase,combined_score,0.5291666666666667
claude-3-haiku-20240307,instruction_following,story_generation,combined_score,0.6105769230769231
claude-3-haiku-20240307,language,connections,accuracy,0.1708333333333333
claude-3-haiku-20240307,language,plot_unscrambling,score,0.23720210628701294
claude-3-haiku-20240307,language,typos,accuracy,0.48
claude-3-opus-20240229,coding,LCB_generation,pass@1,0.3717948717948718
claude-3-opus-20240229,coding,coding_completion,pass@1,0.4
claude-3-opus-20240229,instruction_following,paraphrase,combined_score,0.6395000000000001
claude-3-opus-20240229,instruction_following,story_generation,combined_score,0.6730769230769231
claude-3-opus-20240229,language,connections,accuracy,0.35
claude-3-opus-20240229,language,plot_unscrambling,score,0.4769531718788148
claude-3-opus-20240229,language,typos,accuracy,0.75
claude-3-sonnet-20240229,coding,LCB_generation,pass@1,0.3076923076923077
claude-3-sonnet-20240229,coding,coding_completion,pass@1,0.22
claude-3-sonnet-20240229,instruction_following,story_generation,combined_score,0.6362179487179488
claude-3-sonnet-20240229,language,connections,accuracy,0.26166666666666666
claude-3-sonnet-20240229,language,plot_unscrambling,score,0.34083249112128633
claude-3-sonnet-20240229,language,typos,accuracy,0.54
codegen3_5k-qwen2.5-72b-instruct-2-chk-50,coding,LCB_generation,pass@1,0.5128205128205128
codegen3_5k-qwen2.5-72b-instruct-2-chk-50,coding,coding_completion,pass@1,0.62
codegen3_5k-qwen2.5-72b-instruct-2-chk-50,instruction_following,story_generation,combined_score,0.9214743589743589
codegen3_5k-qwen2.5-72b-instruct-2-chk-50,language,connections,accuracy,0.38666666666666666
codegen3_5k-qwen2.5-72b-instruct-2-chk-50,language,plot_unscrambling,score,0.34769998732284846
codegen3_5k-qwen2.5-72b-instruct-2-chk-50,language,typos,accuracy,0.38
coding-meta-llama-3.1-70b-instruct-chk-50,coding,LCB_generation,pass@1,0.38461538461538464
coding-meta-llama-3.1-70b-instruct-chk-50,coding,coding_completion,pass@1,0.32
coding-meta-llama-3.1-70b-instruct-chk-50,instruction_following,story_generation,combined_score,0.8685897435897435
coding-meta-llama-3.1-70b-instruct-chk-50,language,connections,accuracy,0.38666666666666666
coding-meta-llama-3.1-70b-instruct-chk-50,language,plot_unscrambling,score,0.40633724833761475
coding-meta-llama-3.1-70b-instruct-chk-50,language,typos,accuracy,0.46
coding2-amcfull-apifull-mmlu12k-meta-llama-3.1-70b-instruct-chk-150,coding,LCB_generation,pass@1,0.34615384615384615
coding2-amcfull-apifull-mmlu12k-meta-llama-3.1-70b-instruct-chk-150,coding,coding_completion,pass@1,0.38
coding2-amcfull-apifull-mmlu12k-meta-llama-3.1-70b-instruct-chk-150,instruction_following,story_generation,combined_score,0.8397435897435896
coding2-amcfull-apifull-mmlu12k-meta-llama-3.1-70b-instruct-chk-150,language,connections,accuracy,0.4016666666666666
coding2-amcfull-apifull-mmlu12k-meta-llama-3.1-70b-instruct-chk-150,language,plot_unscrambling,score,0.40466090613417977
coding2-amcfull-apifull-mmlu12k-meta-llama-3.1-70b-instruct-chk-150,language,typos,accuracy,0.44
command-a-03-2025,language,connections,accuracy,0.2333333333333333
command-a-03-2025,language,plot_unscrambling,score,0.34755302132139526
command-a-03-2025,language,typos,accuracy,0.52
command-r-03-2024,coding,LCB_generation,pass@1,0.20512820512820512
command-r-03-2024,coding,coding_completion,pass@1,0.1
command-r-03-2024,instruction_following,story_generation,combined_score,0.5769230769230769
command-r-03-2024,language,connections,accuracy,0.07833333333333332
command-r-03-2024,language,plot_unscrambling,score,0.14265712801249492
command-r-03-2024,language,typos,accuracy,0.22
command-r-08-2024,coding,LCB_generation,pass@1,0.21794871794871795
command-r-08-2024,coding,coding_completion,pass@1,0.14
command-r-08-2024,instruction_following,paraphrase,combined_score,0.6021666666666667
command-r-08-2024,instruction_following,story_generation,combined_score,0.6794871794871795
command-r-08-2024,language,connections,accuracy,0.12416666666666666
command-r-08-2024,language,plot_unscrambling,score,0.17959329292862514
command-r-08-2024,language,typos,accuracy,0.37
command-r-plus-04-2024,coding,LCB_generation,pass@1,0.28205128205128205
command-r-plus-04-2024,coding,coding_completion,pass@1,0.12
command-r-plus-04-2024,instruction_following,paraphrase,combined_score,0.55
command-r-plus-04-2024,instruction_following,story_generation,combined_score,0.8012820512820512
command-r-plus-04-2024,language,connections,accuracy,0.16
command-r-plus-04-2024,language,plot_unscrambling,score,0.2543194028129597
command-r-plus-04-2024,language,typos,accuracy,0.24
command-r-plus-08-2024,coding,LCB_generation,pass@1,0.26282051282051283
command-r-plus-08-2024,coding,coding_completion,pass@1,0.12
command-r-plus-08-2024,instruction_following,paraphrase,combined_score,0.5583333333333333
command-r-plus-08-2024,instruction_following,story_generation,combined_score,0.6794871794871795
command-r-plus-08-2024,language,connections,accuracy,0.21833333333333332
command-r-plus-08-2024,language,plot_unscrambling,score,0.23739433496429005
command-r-plus-08-2024,language,typos,accuracy,0.47
deepseek-chat,coding,LCB_generation,pass@1,0.421875
deepseek-chat,coding,coding_completion,pass@1,0.5
deepseek-chat,instruction_following,paraphrase,combined_score,0.5936666666666667
deepseek-chat,instruction_following,story_generation,combined_score,0.7628205128205128
deepseek-chat,language,connections,accuracy,0.2533333333333333
deepseek-chat,language,plot_unscrambling,score,0.3493465650851764
deepseek-chat,language,typos,accuracy,0.36
deepseek-coder,coding,LCB_generation,pass@1,0.41025641025641024
deepseek-coder,coding,coding_completion,pass@1,0.42
deepseek-coder,instruction_following,story_generation,combined_score,0.7580128205128205
deepseek-coder,language,connections,accuracy,0.2583333333333333
deepseek-coder,language,plot_unscrambling,score,0.3129855044447437
deepseek-coder,language,typos,accuracy,0.42
deepseek-r1,coding,LCB_generation,pass@1,0.8076923076923077
deepseek-r1,coding,coding_completion,pass@1,0.54
deepseek-r1,instruction_following,paraphrase,combined_score,0.8059999999999999
deepseek-r1,language,connections,accuracy,0.675
deepseek-r1,language,plot_unscrambling,score,0.40784076750924664
deepseek-r1,language,typos,accuracy,0.48
deepseek-r1-distill-llama-70b,coding,LCB_generation,pass@1,0.6923076923076923
deepseek-r1-distill-llama-70b,coding,coding_completion,pass@1,0.34
deepseek-r1-distill-llama-70b,instruction_following,paraphrase,combined_score,0.7021666666666667
deepseek-r1-distill-llama-70b,language,connections,accuracy,0.3516666666666666
deepseek-r1-distill-llama-70b,language,plot_unscrambling,score,0.2788533082064739
deepseek-r1-distill-llama-70b,language,typos,accuracy,0.28
deepseek-r1-distill-qwen-32b,coding,LCB_generation,pass@1,0.5897435897435898
deepseek-r1-distill-qwen-32b,coding,coding_completion,pass@1,0.1
deepseek-r1-distill-qwen-32b,instruction_following,paraphrase,combined_score,0.6961666666666666
deepseek-r1-distill-qwen-32b,language,connections,accuracy,0.2583333333333333
deepseek-r1-distill-qwen-32b,language,plot_unscrambling,score,0.19762788163758824
deepseek-r1-distill-qwen-32b,language,typos,accuracy,0.41
deepseek-r1-local,coding,LCB_generation,pass@1,0.8787878787878788
deepseek-r1-local,language,plot_unscrambling,score,0.4653645709471665
deepseek-r1-local-2,coding,LCB_generation,pass@1,0.8461538461538461
deepseek-r1-local-2,coding,coding_completion,pass@1,0.5
deepseek-r1-local-2,instruction_following,paraphrase,combined_score,0.8571666666666666
deepseek-r1-local-2,language,connections,accuracy,0.6866666666666668
deepseek-r1-local-2,language,plot_unscrambling,score,0.43114052619693144
deepseek-r1-local-2,language,typos,accuracy,0.38
deepseek-v3,coding,LCB_generation,pass@1,0.6153846153846154
deepseek-v3,coding,coding_completion,pass@1,0.62
deepseek-v3,instruction_following,paraphrase,combined_score,0.7551666666666667
deepseek-v3,language,connections,accuracy,0.32833333333333337
deepseek-v3,language,plot_unscrambling,score,0.42597467683116647
deepseek-v3,language,typos,accuracy,0.57
deepseek-v3-0324,coding,LCB_generation,pass@1,0.717948717948718
deepseek-v3-0324,coding,coding_completion,pass@1,0.7
deepseek-v3-0324,instruction_following,paraphrase,combined_score,0.8678333333333333
deepseek-v3-0324,language,connections,accuracy,0.44166666666666665
deepseek-v3-0324,language,plot_unscrambling,score,0.45296632704509415
deepseek-v3-0324,language,typos,accuracy,0.54
dracarys2-72b-instruct,coding,LCB_generation,pass@1,0.5384615384615384
dracarys2-72b-instruct,coding,coding_completion,pass@1,0.64
dracarys2-72b-instruct,instruction_following,paraphrase,combined_score,0.636
dracarys2-72b-instruct,language,connections,accuracy,0.28
dracarys2-72b-instruct,language,plot_unscrambling,score,0.325335636838787
dracarys2-72b-instruct,language,typos,accuracy,0.4
dracarys2-llama-3.1-70b-instruct,coding,LCB_generation,pass@1,0.34615384615384615
dracarys2-llama-3.1-70b-instruct,coding,coding_completion,pass@1,0.38
dracarys2-llama-3.1-70b-instruct,instruction_following,paraphrase,combined_score,0.6671666666666667
dracarys2-llama-3.1-70b-instruct,language,connections,accuracy,0.3016666666666667
dracarys2-llama-3.1-70b-instruct,language,plot_unscrambling,score,0.3726038436253087
dracarys2-llama-3.1-70b-instruct,language,typos,accuracy,0.54
gemini-1.5-flash-001,coding,LCB_generation,pass@1,0.34615384615384615
gemini-1.5-flash-001,coding,coding_completion,pass@1,0.34
gemini-1.5-flash-001,instruction_following,paraphrase,combined_score,0.5446666666666666
gemini-1.5-flash-001,instruction_following,story_generation,combined_score,0.7275641025641026
gemini-1.5-flash-001,language,connections,accuracy,0.18
gemini-1.5-flash-001,language,plot_unscrambling,score,0.2979972868985392
gemini-1.5-flash-001,language,typos,accuracy,0.46
gemini-1.5-flash-002,coding,LCB_generation,pass@1,0.3974358974358974
gemini-1.5-flash-002,coding,coding_completion,pass@1,0.44
gemini-1.5-flash-002,instruction_following,paraphrase,combined_score,0.8065000000000001
gemini-1.5-flash-002,instruction_following,story_generation,combined_score,0.8685897435897435
gemini-1.5-flash-002,language,connections,accuracy,0.2625
gemini-1.5-flash-002,language,plot_unscrambling,score,0.31934967828080935
gemini-1.5-flash-002,language,typos,accuracy,0.28
gemini-1.5-flash-8b-001,language,connections,accuracy,0.11833333333333332
gemini-1.5-flash-8b-001,language,plot_unscrambling,score,0.18770189936902684
gemini-1.5-flash-8b-001,language,typos,accuracy,0.38
gemini-1.5-flash-8b-exp-0827,coding,LCB_generation,pass@1,0.2948717948717949
gemini-1.5-flash-8b-exp-0827,coding,coding_completion,pass@1,0.28
gemini-1.5-flash-8b-exp-0827,instruction_following,paraphrase,combined_score,0.7356666666666666
gemini-1.5-flash-8b-exp-0827,instruction_following,story_generation,combined_score,0.8012820512820512
gemini-1.5-flash-8b-exp-0827,language,connections,accuracy,0.17916666666666667
gemini-1.5-flash-8b-exp-0827,language,plot_unscrambling,score,0.17061384396714557
gemini-1.5-flash-8b-exp-0827,language,typos,accuracy,0.3
gemini-1.5-flash-8b-exp-0924,coding,LCB_generation,pass@1,0.3333333333333333
gemini-1.5-flash-8b-exp-0924,coding,coding_completion,pass@1,0.24
gemini-1.5-flash-8b-exp-0924,instruction_following,paraphrase,combined_score,0.7343333333333334
gemini-1.5-flash-8b-exp-0924,language,connections,accuracy,0.14833333333333332
gemini-1.5-flash-8b-exp-0924,language,plot_unscrambling,score,0.24556231527160005
gemini-1.5-flash-8b-exp-0924,language,typos,accuracy,0.18
gemini-1.5-flash-exp-0827,coding,LCB_generation,pass@1,0.3670886075949367
gemini-1.5-flash-exp-0827,coding,coding_completion,pass@1,0.44
gemini-1.5-flash-exp-0827,instruction_following,paraphrase,combined_score,0.7361666666666666
gemini-1.5-flash-exp-0827,instruction_following,story_generation,combined_score,0.8637820512820512
gemini-1.5-flash-exp-0827,language,connections,accuracy,0.2833333333333333
gemini-1.5-flash-exp-0827,language,plot_unscrambling,score,0.3462946916068489
gemini-1.5-flash-exp-0827,language,typos,accuracy,0.28
gemini-1.5-pro-001,coding,LCB_generation,pass@1,0.34615384615384615
gemini-1.5-pro-001,coding,coding_completion,pass@1,0.3
gemini-1.5-pro-001,instruction_following,paraphrase,combined_score,0.644
gemini-1.5-pro-001,instruction_following,story_generation,combined_score,0.719551282051282
gemini-1.5-pro-001,language,connections,accuracy,0.22
gemini-1.5-pro-001,language,plot_unscrambling,score,0.3992232945844993
gemini-1.5-pro-001,language,typos,accuracy,0.56
gemini-1.5-pro-002,coding,LCB_generation,pass@1,0.4358974358974359
gemini-1.5-pro-002,coding,coding_completion,pass@1,0.54
gemini-1.5-pro-002,instruction_following,paraphrase,combined_score,0.743
gemini-1.5-pro-002,instruction_following,story_generation,combined_score,0.8012820512820512
gemini-1.5-pro-002,language,connections,accuracy,0.38833333333333336
gemini-1.5-pro-002,language,plot_unscrambling,score,0.4246427390502653
gemini-1.5-pro-002,language,typos,accuracy,0.48
gemini-1.5-pro-exp-0801,coding,LCB_generation,pass@1,0.379746835443038
gemini-1.5-pro-exp-0801,coding,coding_completion,pass@1,0.44
gemini-1.5-pro-exp-0801,instruction_following,story_generation,combined_score,0.782051282051282
gemini-1.5-pro-exp-0801,language,connections,accuracy,0.37
gemini-1.5-pro-exp-0801,language,plot_unscrambling,score,0.4187177444915592
gemini-1.5-pro-exp-0801,language,typos,accuracy,0.62
gemini-1.5-pro-exp-0827,coding,LCB_generation,pass@1,0.35802469135802467
gemini-1.5-pro-exp-0827,coding,coding_completion,pass@1,0.47058823529411764
gemini-1.5-pro-exp-0827,instruction_following,paraphrase,combined_score,0.721
gemini-1.5-pro-exp-0827,instruction_following,story_generation,combined_score,0.7516025641025641
gemini-1.5-pro-exp-0827,language,connections,accuracy,0.3775
gemini-1.5-pro-exp-0827,language,plot_unscrambling,score,0.43438590861563525
gemini-1.5-pro-exp-0827,language,typos,accuracy,0.62
gemini-2.0-flash,language,plot_unscrambling,score,0.38161446374715224
gemini-2.0-flash,language,typos,accuracy,0.66
gemini-2.0-flash-001,coding,LCB_generation,pass@1,0.5384615384615384
gemini-2.0-flash-001,coding,coding_completion,pass@1,0.54
gemini-2.0-flash-001,instruction_following,paraphrase,combined_score,0.8553333333333333
gemini-2.0-flash-001,language,connections,accuracy,0.23
gemini-2.0-flash-001,language,plot_unscrambling,score,0.42115235618406266
gemini-2.0-flash-001,language,typos,accuracy,0.59
gemini-2.0-flash-exp,coding,LCB_generation,pass@1,0.48717948717948717
gemini-2.0-flash-exp,coding,coding_completion,pass@1,0.6
gemini-2.0-flash-exp,instruction_following,paraphrase,combined_score,0.805
gemini-2.0-flash-exp,language,connections,accuracy,0.17666666666666667
gemini-2.0-flash-exp,language,plot_unscrambling,score,0.39394338794006145
gemini-2.0-flash-exp,language,typos,accuracy,0.59
gemini-2.0-flash-lite-001,coding,LCB_generation,pass@1,0.46153846153846156
gemini-2.0-flash-lite-001,coding,coding_completion,pass@1,0.48
gemini-2.0-flash-lite-001,instruction_following,paraphrase,combined_score,0.7845
gemini-2.0-flash-lite-001,language,connections,accuracy,0.25166666666666665
gemini-2.0-flash-lite-001,language,plot_unscrambling,score,0.2864107440697689
gemini-2.0-flash-lite-001,language,typos,accuracy,0.47
gemini-2.0-flash-lite-preview-02-05,coding,LCB_generation,pass@1,0.4358974358974359
gemini-2.0-flash-lite-preview-02-05,coding,coding_completion,pass@1,0.44
gemini-2.0-flash-lite-preview-02-05,instruction_following,paraphrase,combined_score,0.8420000000000001
gemini-2.0-flash-lite-preview-02-05,language,connections,accuracy,0.2333333333333333
gemini-2.0-flash-lite-preview-02-05,language,plot_unscrambling,score,0.2976722509246015
gemini-2.0-flash-lite-preview-02-05,language,typos,accuracy,0.53
gemini-2.0-flash-thinking-exp-01-21,coding,LCB_generation,pass@1,0.5897435897435898
gemini-2.0-flash-thinking-exp-01-21,coding,coding_completion,pass@1,0.48
gemini-2.0-flash-thinking-exp-01-21,instruction_following,paraphrase,combined_score,0.8168333333333334
gemini-2.0-flash-thinking-exp-01-21,language,connections,accuracy,0.48833333333333334
gemini-2.0-flash-thinking-exp-01-21,language,plot_unscrambling,score,0.3967438369877843
gemini-2.0-flash-thinking-exp-01-21,language,typos,accuracy,0.47
gemini-2.0-flash-thinking-exp-1219,coding,LCB_generation,pass@1,0.6025641025641025
gemini-2.0-flash-thinking-exp-1219,coding,coding_completion,pass@1,0.46
gemini-2.0-flash-thinking-exp-1219,instruction_following,paraphrase,combined_score,0.7591666666666668
gemini-2.0-flash-thinking-exp-1219,language,connections,accuracy,0.30166666666666664
gemini-2.0-flash-thinking-exp-1219,language,plot_unscrambling,score,0.3496846852054301
gemini-2.0-flash-thinking-exp-1219,language,typos,accuracy,0.58
gemini-2.0-pro-exp-02-05,coding,LCB_generation,pass@1,0.5897435897435898
gemini-2.0-pro-exp-02-05,coding,coding_completion,pass@1,0.68
gemini-2.0-pro-exp-02-05,instruction_following,paraphrase,combined_score,0.8275
gemini-2.0-pro-exp-02-05,language,connections,accuracy,0.3583333333333333
gemini-2.0-pro-exp-02-05,language,plot_unscrambling,score,0.5079550587358306
gemini-2.0-pro-exp-02-05,language,typos,accuracy,0.59
gemini-2.5-pro-exp-03-25,coding,LCB_generation,pass@1,0.8974358974358975
gemini-2.5-pro-exp-03-25,coding,coding_completion,pass@1,0.82
gemini-2.5-pro-exp-03-25,instruction_following,paraphrase,combined_score,0.8095
gemini-2.5-pro-exp-03-25,language,connections,accuracy,0.8183333333333332
gemini-2.5-pro-exp-03-25,language,plot_unscrambling,score,0.6256089526525194
gemini-2.5-pro-exp-03-25,language,typos,accuracy,0.61
gemini-exp-1114,coding,LCB_generation,pass@1,0.475
gemini-exp-1114,coding,coding_completion,pass@1,0.56
gemini-exp-1114,instruction_following,paraphrase,combined_score,0.8051666666666667
gemini-exp-1114,instruction_following,story_generation,combined_score,0.844551282051282
gemini-exp-1114,language,connections,accuracy,0.38833333333333336
gemini-exp-1114,language,plot_unscrambling,score,0.45148585108010186
gemini-exp-1114,language,typos,accuracy,0.42
gemini-exp-1121,coding,LCB_generation,pass@1,0.475
gemini-exp-1121,coding,coding_completion,pass@1,0.52
gemini-exp-1121,instruction_following,paraphrase,combined_score,0.8095
gemini-exp-1121,instruction_following,story_generation,combined_score,0.9166666666666666
gemini-exp-1121,language,connections,accuracy,0.33166666666666667
gemini-exp-1121,language,plot_unscrambling,score,0.44064895271093707
gemini-exp-1121,language,typos,accuracy,0.46
gemini-exp-1206,coding,LCB_generation,pass@1,0.6282051282051282
gemini-exp-1206,coding,coding_completion,pass@1,0.64
gemini-exp-1206,instruction_following,paraphrase,combined_score,0.8320000000000001
gemini-exp-1206,language,connections,accuracy,0.37666666666666665
gemini-exp-1206,language,plot_unscrambling,score,0.5180834406030956
gemini-exp-1206,language,typos,accuracy,0.67
gemma-1.1-7b-it,coding,LCB_generation,pass@1,0.19230769230769232
gemma-1.1-7b-it,coding,coding_completion,pass@1,0.0
gemma-1.1-7b-it,instruction_following,story_generation,combined_score,0.5336538461538461
gemma-1.1-7b-it,language,connections,accuracy,0.07166666666666667
gemma-1.1-7b-it,language,plot_unscrambling,score,0.12775453085066288
gemma-1.1-7b-it,language,typos,accuracy,0.12
gemma-2-27b-it,coding,LCB_generation,pass@1,0.358974358974359
gemma-2-27b-it,coding,coding_completion,pass@1,0.36
gemma-2-27b-it,instruction_following,paraphrase,combined_score,0.6351666666666667
gemma-2-27b-it,instruction_following,story_generation,combined_score,0.7900641025641026
gemma-2-27b-it,language,connections,accuracy,0.255
gemma-2-27b-it,language,plot_unscrambling,score,0.2802398726627504
gemma-2-27b-it,language,typos,accuracy,0.48
gemma-2-9b-it,coding,LCB_generation,pass@1,0.2692307692307692
gemma-2-9b-it,coding,coding_completion,pass@1,0.18
gemma-2-9b-it,instruction_following,paraphrase,combined_score,0.5206666666666666
gemma-2-9b-it,instruction_following,story_generation,combined_score,0.6538461538461539
gemma-2-9b-it,language,connections,accuracy,0.19833333333333333
gemma-2-9b-it,language,plot_unscrambling,score,0.21926433772579146
gemma-2-9b-it,language,typos,accuracy,0.38
gemma-3-12b-it,language,connections,accuracy,0.26
gemma-3-12b-it,language,plot_unscrambling,score,0.23808968559852894
gemma-3-12b-it,language,typos,accuracy,0.44
gemma-3-27b-it,coding,LCB_generation,pass@1,0.3974358974358974
gemma-3-27b-it,coding,coding_completion,pass@1,0.4
gemma-3-27b-it,instruction_following,paraphrase,combined_score,0.715
gemma-3-27b-it,language,connections,accuracy,0.2733333333333333
gemma-3-27b-it,language,plot_unscrambling,score,0.30311769075763584
gemma-3-27b-it,language,typos,accuracy,0.56
gemma-3-4b-it,language,connections,accuracy,0.10166666666666666
gemma-3-4b-it,language,plot_unscrambling,score,0.11011107999265629
gemma-3-4b-it,language,typos,accuracy,0.24
gpt-3.5-turbo-0125,coding,LCB_generation,pass@1,0.2948717948717949
gpt-3.5-turbo-0125,coding,coding_completion,pass@1,0.26
gpt-3.5-turbo-0125,instruction_following,story_generation,combined_score,0.7451923076923077
gpt-3.5-turbo-0125,language,connections,accuracy,0.13333333333333333
gpt-3.5-turbo-0125,language,plot_unscrambling,score,0.1731582085361157
gpt-3.5-turbo-0125,language,typos,accuracy,0.42
gpt-3.5-turbo-1106,coding,LCB_generation,pass@1,0.2948717948717949
gpt-3.5-turbo-1106,coding,coding_completion,pass@1,0.24
gpt-3.5-turbo-1106,instruction_following,story_generation,combined_score,0.5128205128205129
gpt-3.5-turbo-1106,language,connections,accuracy,0.21833333333333332
gpt-3.5-turbo-1106,language,plot_unscrambling,score,0.20054438071025457
gpt-3.5-turbo-1106,language,typos,accuracy,0.44
gpt-4-0125-preview,coding,LCB_generation,pass@1,0.4358974358974359
gpt-4-0125-preview,coding,coding_completion,pass@1,0.4
gpt-4-0125-preview,instruction_following,paraphrase,combined_score,0.6143333333333333
gpt-4-0125-preview,instruction_following,story_generation,combined_score,0.7099358974358974
gpt-4-0125-preview,language,connections,accuracy,0.36666666666666664
gpt-4-0125-preview,language,plot_unscrambling,score,0.43493181247705603
gpt-4-0125-preview,language,typos,accuracy,0.44
gpt-4-0613,coding,LCB_generation,pass@1,0.34615384615384615
gpt-4-0613,coding,coding_completion,pass@1,0.4
gpt-4-0613,instruction_following,story_generation,combined_score,0.717948717948718
gpt-4-0613,language,connections,accuracy,0.39166666666666666
gpt-4-0613,language,plot_unscrambling,score,0.4553756569790666
gpt-4-0613,language,typos,accuracy,0.64
gpt-4-1106-preview,coding,LCB_generation,pass@1,0.4230769230769231
gpt-4-1106-preview,coding,coding_completion,pass@1,0.52
gpt-4-1106-preview,instruction_following,story_generation,combined_score,0.7708333333333334
gpt-4-1106-preview,language,connections,accuracy,0.39666666666666667
gpt-4-1106-preview,language,plot_unscrambling,score,0.4543341392924818
gpt-4-1106-preview,language,typos,accuracy,0.6
gpt-4-turbo-2024-04-09,coding,LCB_generation,pass@1,0.5
gpt-4-turbo-2024-04-09,coding,coding_completion,pass@1,0.48
gpt-4-turbo-2024-04-09,instruction_following,paraphrase,combined_score,0.6256666666666666
gpt-4-turbo-2024-04-09,instruction_following,story_generation,combined_score,0.7948717948717949
gpt-4-turbo-2024-04-09,language,connections,accuracy,0.42666666666666664
gpt-4-turbo-2024-04-09,language,plot_unscrambling,score,0.39619290506759064
gpt-4-turbo-2024-04-09,language,typos,accuracy,0.52
gpt-4.5-preview-2025-02-27,coding,LCB_generation,pass@1,0.7435897435897436
gpt-4.5-preview-2025-02-27,coding,coding_completion,pass@1,0.76
gpt-4.5-preview-2025-02-27,instruction_following,paraphrase,combined_score,0.7233333333333333
gpt-4.5-preview-2025-02-27,language,connections,accuracy,0.7016666666666667
gpt-4.5-preview-2025-02-27,language,plot_unscrambling,score,0.5080206694608886
gpt-4.5-preview-2025-02-27,language,typos,accuracy,0.68
gpt-4o-2024-05-13,coding,LCB_generation,pass@1,0.5
gpt-4o-2024-05-13,coding,coding_completion,pass@1,0.5
gpt-4o-2024-05-13,instruction_following,paraphrase,combined_score,0.6526666666666666
gpt-4o-2024-05-13,instruction_following,story_generation,combined_score,0.7788461538461539
gpt-4o-2024-05-13,language,connections,accuracy,0.4716666666666666
gpt-4o-2024-05-13,language,plot_unscrambling,score,0.4280623123261367
gpt-4o-2024-05-13,language,typos,accuracy,0.66
gpt-4o-2024-08-06,coding,LCB_generation,pass@1,0.44871794871794873
gpt-4o-2024-08-06,coding,coding_completion,pass@1,0.58
gpt-4o-2024-08-06,instruction_following,paraphrase,combined_score,0.6688333333333334
gpt-4o-2024-08-06,instruction_following,story_generation,combined_score,0.844551282051282
gpt-4o-2024-08-06,language,connections,accuracy,0.47833333333333333
gpt-4o-2024-08-06,language,plot_unscrambling,score,0.4073636099248765
gpt-4o-2024-08-06,language,typos,accuracy,0.61
gpt-4o-2024-11-20,coding,LCB_generation,pass@1,0.46153846153846156
gpt-4o-2024-11-20,coding,coding_completion,pass@1,0.46
gpt-4o-2024-11-20,instruction_following,paraphrase,combined_score,0.6266666666666666
gpt-4o-2024-11-20,instruction_following,story_generation,combined_score,0.844551282051282
gpt-4o-2024-11-20,language,connections,accuracy,0.45083333333333336
gpt-4o-2024-11-20,language,plot_unscrambling,score,0.3896995626015987
gpt-4o-2024-11-20,language,typos,accuracy,0.62
gpt-4o-mini-2024-07-18,coding,LCB_generation,pass@1,0.4230769230769231
gpt-4o-mini-2024-07-18,coding,coding_completion,pass@1,0.44
gpt-4o-mini-2024-07-18,instruction_following,paraphrase,combined_score,0.5735
gpt-4o-mini-2024-07-18,instruction_following,story_generation,combined_score,0.8205128205128205
gpt-4o-mini-2024-07-18,language,connections,accuracy,0.265
gpt-4o-mini-2024-07-18,language,plot_unscrambling,score,0.21001248872911987
gpt-4o-mini-2024-07-18,language,typos,accuracy,0.5
grok-2,coding,LCB_generation,pass@1,0.38461538461538464
grok-2,coding,coding_completion,pass@1,0.34
grok-2,instruction_following,story_generation,combined_score,0.7366666666666667
grok-2,language,connections,accuracy,0.4
grok-2,language,plot_unscrambling,score,0.3250905661079839
grok-2,language,typos,accuracy,0.32
grok-2-1212,coding,LCB_generation,pass@1,0.46153846153846156
grok-2-1212,coding,coding_completion,pass@1,0.48
grok-2-1212,instruction_following,paraphrase,combined_score,0.6785
grok-2-1212,language,connections,accuracy,0.33
grok-2-1212,language,plot_unscrambling,score,0.4054041779897493
grok-2-1212,language,typos,accuracy,0.63
grok-2-mini,coding,LCB_generation,pass@1,0.41025641025641024
grok-2-mini,coding,coding_completion,pass@1,0.34
grok-2-mini,instruction_following,story_generation,combined_score,0.8066666666666668
grok-2-mini,language,connections,accuracy,0.3383333333333334
grok-2-mini,language,plot_unscrambling,score,0.4066714055759363
grok-2-mini,language,typos,accuracy,0.44
grok-3,coding,LCB_generation,pass@1,0.5256410256410257
grok-3,coding,coding_completion,pass@1,0.56
grok-3,language,connections,accuracy,0.5216666666666666
grok-3,language,plot_unscrambling,score,0.49825143977066794
grok-3,language,typos,accuracy,0.52
grok-3-beta,coding,LCB_generation,pass@1,0.5641025641025641
grok-3-beta,coding,coding_completion,pass@1,0.46
grok-3-beta,instruction_following,paraphrase,combined_score,0.7295
grok-3-beta,instruction_following,story_generation,combined_score,0.7883333333333333
grok-3-beta,language,connections,accuracy,0.5941666666666666
grok-3-beta,language,plot_unscrambling,score,0.49571583308548367
grok-3-beta,language,typos,accuracy,0.54
grok-3-mini-reasoning-beta,coding,LCB_generation,pass@1,0.7435897435897436
grok-3-mini-reasoning-beta,coding,coding_completion,pass@1,0.34
grok-3-mini-reasoning-beta,instruction_following,paraphrase,combined_score,0.6236666666666667
grok-3-mini-reasoning-beta,language,connections,accuracy,0.38
grok-3-mini-reasoning-beta,language,plot_unscrambling,score,0.41271645035255833
grok-3-mini-reasoning-beta,language,typos,accuracy,0.34
grok-beta,coding,LCB_generation,pass@1,0.4230769230769231
grok-beta,coding,coding_completion,pass@1,0.48
grok-beta,instruction_following,paraphrase,combined_score,0.7046666666666667
grok-beta,language,connections,accuracy,0.355
grok-beta,language,plot_unscrambling,score,0.37815623473530646
grok-beta,language,typos,accuracy,0.61
hermes-3-llama-3.1-70b,coding,LCB_generation,pass@1,0.3076923076923077
hermes-3-llama-3.1-70b,coding,coding_completion,pass@1,0.32
hermes-3-llama-3.1-70b,instruction_following,story_generation,combined_score,0.515
hermes-3-llama-3.1-70b,language,connections,accuracy,0.32
hermes-3-llama-3.1-70b,language,plot_unscrambling,score,0.37316888118215863
hermes-3-llama-3.1-70b,language,typos,accuracy,0.62
hunyuan-turbos-20250313,coding,LCB_generation,pass@1,0.5512820512820513
hunyuan-turbos-20250313,coding,coding_completion,pass@1,0.38
hunyuan-turbos-20250313,instruction_following,paraphrase,combined_score,0.8320000000000001
hunyuan-turbos-20250313,language,connections,accuracy,0.18
hunyuan-turbos-20250313,language,plot_unscrambling,score,0.2837572118042098
hunyuan-turbos-20250313,language,typos,accuracy,0.8
lcb-math-qwen2-72b-instructv3-merged-50,coding,LCB_generation,pass@1,0.358974358974359
lcb-math-qwen2-72b-instructv3-merged-50,coding,coding_completion,pass@1,0.42
lcb-math-qwen2-72b-instructv3-merged-50,instruction_following,story_generation,combined_score,0.8516666666666667
lcb-math-qwen2-72b-instructv3-merged-50,language,connections,accuracy,0.31
lcb-math-qwen2-72b-instructv3-merged-50,language,plot_unscrambling,score,0.3250697475225907
lcb-math-qwen2-72b-instructv3-merged-50,language,typos,accuracy,0.3
learnlm-1.5-pro-experimental,coding,LCB_generation,pass@1,0.3974358974358974
learnlm-1.5-pro-experimental,coding,coding_completion,pass@1,0.54
learnlm-1.5-pro-experimental,instruction_following,paraphrase,combined_score,0.703
learnlm-1.5-pro-experimental,language,connections,accuracy,0.335
learnlm-1.5-pro-experimental,language,plot_unscrambling,score,0.40028724756303197
learnlm-1.5-pro-experimental,language,typos,accuracy,0.46
llama-2-7b-chat-hf,coding,LCB_generation,pass@1,0.0
llama-3.1-nemotron-70b-instruct,coding,LCB_generation,pass@1,0.3333333333333333
llama-3.1-nemotron-70b-instruct,coding,coding_completion,pass@1,0.32
llama-3.1-nemotron-70b-instruct,instruction_following,story_generation,combined_score,0.6966666666666668
llama-3.1-nemotron-70b-instruct,language,connections,accuracy,0.3066666666666667
llama-3.1-nemotron-70b-instruct,language,plot_unscrambling,score,0.3874821756981525
llama-3.1-nemotron-70b-instruct,language,typos,accuracy,0.34
llama-3.3-70b-instruct-turbo,coding,LCB_generation,pass@1,0.3717948717948718
llama-3.3-70b-instruct-turbo,coding,coding_completion,pass@1,0.36
llama-3.3-70b-instruct-turbo,instruction_following,paraphrase,combined_score,0.782
llama-3.3-70b-instruct-turbo,language,connections,accuracy,0.36666666666666664
llama-3.3-70b-instruct-turbo,language,plot_unscrambling,score,0.37761373283432786
llama-3.3-70b-instruct-turbo,language,typos,accuracy,0.5
llama-4-maverick-17b-128e-instruct,coding,LCB_generation,pass@1,0.5128205128205128
llama-4-maverick-17b-128e-instruct,coding,coding_completion,pass@1,0.5
llama-4-maverick-17b-128e-instruct,instruction_following,paraphrase,combined_score,0.7958333333333333
llama-4-maverick-17b-128e-instruct,language,connections,accuracy,0.5383333333333333
llama-4-maverick-17b-128e-instruct,language,plot_unscrambling,score,0.3378020598744357
llama-4-maverick-17b-128e-instruct,language,typos,accuracy,0.56
mathstral-7B-v0.1,coding,LCB_generation,pass@1,0.23076923076923078
mathstral-7B-v0.1,coding,coding_completion,pass@1,0.06
mathstral-7B-v0.1,instruction_following,story_generation,combined_score,0.58
mathstral-7B-v0.1,language,connections,accuracy,0.03333333333333333
mathstral-7B-v0.1,language,plot_unscrambling,score,0.14770315872745438
mathstral-7B-v0.1,language,typos,accuracy,0.28
meta-llama-3-70b-instruct,coding,LCB_generation,pass@1,0.2
meta-llama-3-8b-instruct,coding,LCB_generation,pass@1,0.2
meta-llama-3.1-405b-instruct-turbo,coding,LCB_generation,pass@1,0.41025641025641024
meta-llama-3.1-405b-instruct-turbo,coding,coding_completion,pass@1,0.42
meta-llama-3.1-405b-instruct-turbo,instruction_following,paraphrase,combined_score,0.7681666666666667
meta-llama-3.1-405b-instruct-turbo,language,connections,accuracy,0.31
meta-llama-3.1-405b-instruct-turbo,language,plot_unscrambling,score,0.44253012236684436
meta-llama-3.1-405b-instruct-turbo,language,typos,accuracy,0.58
meta-llama-3.1-70b-instruct-turbo,coding,LCB_generation,pass@1,0.34615384615384615
meta-llama-3.1-70b-instruct-turbo,coding,coding_completion,pass@1,0.34
meta-llama-3.1-70b-instruct-turbo,instruction_following,paraphrase,combined_score,0.7276666666666667
meta-llama-3.1-70b-instruct-turbo,language,connections,accuracy,0.20833333333333331
meta-llama-3.1-70b-instruct-turbo,language,plot_unscrambling,score,0.37646890084980983
meta-llama-3.1-70b-instruct-turbo,language,typos,accuracy,0.52
meta-llama-3.1-8b-instruct-turbo,coding,LCB_generation,pass@1,0.2948717948717949
meta-llama-3.1-8b-instruct-turbo,coding,coding_completion,pass@1,0.06
meta-llama-3.1-8b-instruct-turbo,instruction_following,paraphrase,combined_score,0.5705
meta-llama-3.1-8b-instruct-turbo,language,connections,accuracy,0.06166666666666666
meta-llama-3.1-8b-instruct-turbo,language,plot_unscrambling,score,0.14648873063008339
meta-llama-3.1-8b-instruct-turbo,language,typos,accuracy,0.38
mistral-7b-instruct-v0.2,coding,LCB_generation,pass@1,0.13333333333333333
mistral-large,language,plot_unscrambling,score,0.037243749728746424
mistral-large,language,typos,accuracy,0.0
mistral-large-2402,coding,LCB_generation,pass@1,0.3076923076923077
mistral-large-2402,coding,coding_completion,pass@1,0.24
mistral-large-2402,instruction_following,story_generation,combined_score,0.71
mistral-large-2402,language,connections,accuracy,0.2833333333333333
mistral-large-2402,language,plot_unscrambling,score,0.33898657696795675
mistral-large-2402,language,typos,accuracy,0.24
mistral-large-2407,coding,LCB_generation,pass@1,0.46153846153846156
mistral-large-2407,coding,coding_completion,pass@1,0.48
mistral-large-2407,instruction_following,paraphrase,combined_score,0.6108333333333333
mistral-large-2407,instruction_following,story_generation,combined_score,0.7816666666666667
mistral-large-2407,language,connections,accuracy,0.2891666666666667
mistral-large-2407,language,plot_unscrambling,score,0.40045332545583284
mistral-large-2407,language,typos,accuracy,0.5
mistral-large-2411,coding,LCB_generation,pass@1,0.46153846153846156
mistral-large-2411,coding,coding_completion,pass@1,0.48
mistral-large-2411,instruction_following,paraphrase,combined_score,0.6988333333333334
mistral-large-2411,language,connections,accuracy,0.28833333333333333
mistral-large-2411,language,plot_unscrambling,score,0.38666148378517745
mistral-large-2411,language,typos,accuracy,0.52
mistral-small-2402,coding,LCB_generation,pass@1,0.24358974358974358
mistral-small-2402,coding,coding_completion,pass@1,0.18
mistral-small-2402,instruction_following,paraphrase,combined_score,0.5663333333333334
mistral-small-2402,instruction_following,story_generation,combined_score,0.7933333333333333
mistral-small-2402,language,connections,accuracy,0.1691666666666667
mistral-small-2402,language,plot_unscrambling,score,0.26499000469530043
mistral-small-2402,language,typos,accuracy,0.18
mistral-small-2409,coding,LCB_generation,pass@1,0.2948717948717949
mistral-small-2409,coding,coding_completion,pass@1,0.22
mistral-small-2409,instruction_following,paraphrase,combined_score,0.46116666666666667
mistral-small-2409,language,connections,accuracy,0.24
mistral-small-2409,language,plot_unscrambling,score,0.20753973052843597
mistral-small-2409,language,typos,accuracy,0.36
mistral-small-2501,coding,LCB_generation,pass@1,0.34615384615384615
mistral-small-2501,coding,coding_completion,pass@1,0.36
mistral-small-2501,instruction_following,paraphrase,combined_score,0.6506666666666666
mistral-small-2501,language,connections,accuracy,0.135
mistral-small-2501,language,plot_unscrambling,score,0.28360030293408306
mistral-small-2501,language,typos,accuracy,0.52
mistral-small-2503,coding,LCB_generation,pass@1,0.38461538461538464
mistral-small-2503,coding,coding_completion,pass@1,0.34
mistral-small-2503,instruction_following,paraphrase,combined_score,0.6241666666666666
mistral-small-2503,language,connections,accuracy,0.23
mistral-small-2503,language,plot_unscrambling,score,0.28390652903097513
mistral-small-2503,language,typos,accuracy,0.44
mixtral-8x22b-instruct-v0.1,coding,LCB_generation,pass@1,0.2
mixtral-8x7b-instruct-v0.1,coding,LCB_generation,pass@1,0.13333333333333333
o1,coding,LCB_generation,pass@1,0.6923076923076923
o1,coding,coding_completion,pass@1,0.54
o1-2024-12-17-high,coding,LCB_generation,pass@1,0.6538461538461539
o1-2024-12-17-high,coding,coding_completion,pass@1,0.74
o1-2024-12-17-high,instruction_following,paraphrase,combined_score,0.8290000000000001
o1-2024-12-17-high,language,connections,accuracy,0.97
o1-2024-12-17-high,language,plot_unscrambling,score,0.4999297505220286
o1-2024-12-17-high,language,typos,accuracy,0.59
o1-2024-12-17-low,coding,LCB_generation,pass@1,0.5512820512820513
o1-2024-12-17-low,coding,coding_completion,pass@1,0.5
o1-2024-12-17-low,instruction_following,paraphrase,combined_score,0.8315
o1-2024-12-17-low,language,connections,accuracy,0.9316666666666668
o1-2024-12-17-low,language,plot_unscrambling,score,0.4251195019300968
o1-2024-12-17-low,language,typos,accuracy,0.44
o1-2024-12-17-medium,coding,LCB_generation,pass@1,0.5512820512820513
o1-2024-12-17-medium,coding,coding_completion,pass@1,0.56
o1-2024-12-17-medium,instruction_following,paraphrase,combined_score,0.8086666666666666
o1-2024-12-17-medium,language,connections,accuracy,0.965
o1-2024-12-17-medium,language,plot_unscrambling,score,0.4601610588968967
o1-2024-12-17-medium,language,typos,accuracy,0.48
o1-mini-2024-09-12,coding,LCB_generation,pass@1,0.6410256410256411
o1-mini-2024-09-12,coding,coding_completion,pass@1,0.32
o1-mini-2024-09-12,instruction_following,paraphrase,combined_score,0.6659999999999999
o1-mini-2024-09-12,instruction_following,story_generation,combined_score,0.785
o1-mini-2024-09-12,language,connections,accuracy,0.6658333333333333
o1-mini-2024-09-12,language,plot_unscrambling,score,0.2073947569560044
o1-mini-2024-09-12,language,typos,accuracy,0.48
o1-preview-2024-09-12,coding,LCB_generation,pass@1,0.5769230769230769
o1-preview-2024-09-12,coding,coding_completion,pass@1,0.44
o1-preview-2024-09-12,instruction_following,paraphrase,combined_score,0.7908333333333333
o1-preview-2024-09-12,instruction_following,story_generation,combined_score,0.9133333333333333
o1-preview-2024-09-12,language,connections,accuracy,0.9258333333333333
o1-preview-2024-09-12,language,plot_unscrambling,score,0.5348467927554331
o1-preview-2024-09-12,language,typos,accuracy,0.66
o3-mini-2025-01-31-high,coding,LCB_generation,pass@1,0.8076923076923077
o3-mini-2025-01-31-high,coding,coding_completion,pass@1,0.86
o3-mini-2025-01-31-high,instruction_following,paraphrase,combined_score,0.825
o3-mini-2025-01-31-high,language,connections,accuracy,0.795
o3-mini-2025-01-31-high,language,plot_unscrambling,score,0.2550129228390375
o3-mini-2025-01-31-high,language,typos,accuracy,0.56
o3-mini-2025-01-31-low,coding,LCB_generation,pass@1,0.7692307692307693
o3-mini-2025-01-31-low,coding,coding_completion,pass@1,0.46
o3-mini-2025-01-31-low,instruction_following,paraphrase,combined_score,0.7858333333333333
o3-mini-2025-01-31-low,language,connections,accuracy,0.6483333333333333
o3-mini-2025-01-31-low,language,plot_unscrambling,score,0.19176840519903754
o3-mini-2025-01-31-low,language,typos,accuracy,0.45
o3-mini-2025-01-31-medium,coding,LCB_generation,pass@1,0.8205128205128205
o3-mini-2025-01-31-medium,coding,coding_completion,pass@1,0.5
o3-mini-2025-01-31-medium,instruction_following,paraphrase,combined_score,0.7985
o3-mini-2025-01-31-medium,language,connections,accuracy,0.7983333333333333
o3-mini-2025-01-31-medium,language,plot_unscrambling,score,0.21149233989367958
o3-mini-2025-01-31-medium,language,typos,accuracy,0.49
olmo-2-1124-13b-instruct,coding,LCB_generation,pass@1,0.1282051282051282
olmo-2-1124-13b-instruct,coding,coding_completion,pass@1,0.08
olmo-2-1124-13b-instruct,instruction_following,paraphrase,combined_score,0.6678333333333333
olmo-2-1124-13b-instruct,language,connections,accuracy,0.04666666666666666
olmo-2-1124-13b-instruct,language,plot_unscrambling,score,0.14810235292666996
olmo-2-1124-13b-instruct,language,typos,accuracy,0.14
open-mistral-nemo,coding,LCB_generation,pass@1,0.2948717948717949
open-mistral-nemo,coding,coding_completion,pass@1,0.28
open-mistral-nemo,instruction_following,story_generation,combined_score,0.6233333333333334
open-mistral-nemo,language,connections,accuracy,0.09833333333333334
open-mistral-nemo,language,plot_unscrambling,score,0.1661514719404724
open-mistral-nemo,language,typos,accuracy,0.16
open-mixtral-8x22b,coding,LCB_generation,pass@1,0.32142857142857145
open-mixtral-8x22b,coding,coding_completion,pass@1,0.25
open-mixtral-8x22b,instruction_following,paraphrase,combined_score,0.5168333333333333
open-mixtral-8x22b,language,connections,accuracy,0.11166666666666666
open-mixtral-8x22b,language,plot_unscrambling,score,0.20596225946099664
open-mixtral-8x22b,language,typos,accuracy,0.42
open-mixtral-8x7b,coding,LCB_generation,pass@1,0.17857142857142858
open-mixtral-8x7b,coding,coding_completion,pass@1,0.08333333333333333
perplexity-sonar-reasoning,coding,coding_completion,pass@1,0.02631578947368421
phi-3-medium-4k-instruct,instruction_following,paraphrase,combined_score,0.3953333333333333
phi-3-mini-128k-instruct,coding,LCB_generation,pass@1,0.13333333333333333
phi-3-mini-128k-instruct,instruction_following,paraphrase,combined_score,0.40700000000000003
phi-3-mini-128k-instruct,language,connections,accuracy,0.06166666666666666
phi-3-mini-4k-instruct,coding,LCB_generation,pass@1,0.2
phi-3-mini-4k-instruct,instruction_following,paraphrase,combined_score,0.3426666666666667
phi-3-mini-4k-instruct,language,connections,accuracy,0.045
phi-3-small-8k-instruct,instruction_following,paraphrase,combined_score,0.44166666666666665
phi-4,coding,LCB_generation,pass@1,0.3333333333333333
phi-4,coding,coding_completion,pass@1,0.28
phi-4,instruction_following,paraphrase,combined_score,0.5479999999999999
phi-4,language,connections,accuracy,0.2
phi-4,language,plot_unscrambling,score,0.20001076842933402
phi-4,language,typos,accuracy,0.48
qwen1.5-0.5b-chat,coding,LCB_generation,pass@1,0.0
qwen1.5-1.8b-chat,coding,LCB_generation,pass@1,0.0
qwen1.5-110b-chat,coding,LCB_generation,pass@1,0.2
qwen1.5-4b-chat,coding,LCB_generation,pass@1,0.06666666666666667
qwen1.5-72b-chat,coding,LCB_generation,pass@1,0.2
qwen1.5-7b-chat,coding,LCB_generation,pass@1,0.13333333333333333
qwen2-72b-instruct,coding,LCB_generation,pass@1,0.0
qwen2-math-72b-instruct,coding,LCB_generation,pass@1,0.4230769230769231
qwen2-math-72b-instruct,coding,coding_completion,pass@1,0.4
qwen2-math-72b-instruct,instruction_following,story_generation,combined_score,0.5433333333333333
qwen2-math-72b-instruct,language,connections,accuracy,0.265
qwen2-math-72b-instruct,language,plot_unscrambling,score,0.18415467125189128
qwen2-math-72b-instruct,language,typos,accuracy,0.16
qwen2.5-72b-instruct-turbo,coding,LCB_generation,pass@1,0.3333333333333333
qwen2.5-72b-instruct-turbo,language,plot_unscrambling,score,0.3156361631863596
qwen2.5-72b-instruct-turbo,language,typos,accuracy,0.48
qwen2.5-7b-instruct-turbo,coding,LCB_generation,pass@1,0.3333333333333333
qwen2.5-7b-instruct-turbo,language,plot_unscrambling,score,0.13641389491365877
qwen2.5-7b-instruct-turbo,language,typos,accuracy,0.28
qwen2.5-coder-32b-instruct,language,plot_unscrambling,score,0.20504949345418158
qwen2.5-coder-32b-instruct,language,typos,accuracy,0.5416666666666666
qwen2.5-max,coding,LCB_generation,pass@1,0.6282051282051282
qwen2.5-max,coding,coding_completion,pass@1,0.66
qwen2.5-max,instruction_following,paraphrase,combined_score,0.7663333333333334
qwen2.5-max,language,connections,accuracy,0.5316666666666666
qwen2.5-max,language,plot_unscrambling,score,0.48482041764827427
qwen2.5-max,language,typos,accuracy,0.7
qwq-32b,coding,LCB_generation,pass@1,0.8846153846153846
qwq-32b,coding,coding_completion,pass@1,0.56
qwq-32b,instruction_following,paraphrase,combined_score,0.853
qwq-32b,language,connections,accuracy,0.6816666666666668
qwq-32b,language,plot_unscrambling,score,0.3151319304954812
qwq-32b,language,typos,accuracy,0.52
qwq-32b-preview,coding,LCB_generation,pass@1,0.5641025641025641
qwq-32b-preview,coding,coding_completion,pass@1,0.18
qwq-32b-preview,instruction_following,paraphrase,combined_score,0.3678333333333333
qwq-32b-preview,language,connections,accuracy,0.17666666666666667
qwq-32b-preview,language,plot_unscrambling,score,0.21540045763561888
qwq-32b-preview,language,typos,accuracy,0.21
reflection-llama-3.1-70b,coding,LCB_generation,pass@1,0.2
sky-t1-32b-preview,coding,LCB_generation,pass@1,0.5512820512820513
sky-t1-32b-preview,coding,coding_completion,pass@1,0.54
sky-t1-32b-preview,instruction_following,paraphrase,combined_score,0.5253333333333333
sky-t1-32b-preview,language,connections,accuracy,0.11166666666666666
sky-t1-32b-preview,language,plot_unscrambling,score,0.25223625794555027
sky-t1-32b-preview,language,typos,accuracy,0.26
sonar,coding,LCB_generation,pass@1,0.4230769230769231
sonar,coding,coding_completion,pass@1,0.28
sonar,instruction_following,paraphrase,combined_score,0.7213333333333333
sonar,instruction_following,story_generation,combined_score,0.9366666666666668
sonar,language,connections,accuracy,0.39583333333333337
sonar,language,plot_unscrambling,score,0.44684084771105753
sonar,language,typos,accuracy,0.5
sonar-pro,coding,LCB_generation,pass@1,0.6025641025641025
sonar-pro,coding,coding_completion,pass@1,0.6
sonar-pro,instruction_following,paraphrase,combined_score,0.6101666666666666
sonar-pro,language,connections,accuracy,0.5166666666666666
sonar-pro,language,plot_unscrambling,score,0.7347218101072756
sonar-pro,language,typos,accuracy,0.82
starling-lm-7b-beta,coding,LCB_generation,pass@1,0.26666666666666666
step-2-16k-202411,coding,LCB_generation,pass@1,0.40384615384615385
step-2-16k-202411,coding,coding_completion,pass@1,0.54
step-2-16k-202411,instruction_following,paraphrase,combined_score,0.8440000000000001
step-2-16k-202411,instruction_following,story_generation,combined_score,0.9433333333333332
step-2-16k-202411,language,connections,accuracy,0.4008333333333334
step-2-16k-202411,language,plot_unscrambling,score,0.38142556461513677
step-2-16k-202411,language,typos,accuracy,0.54
vicuna-7b-v1.5,coding,LCB_generation,pass@1,0.038461538461538464
vicuna-7b-v1.5,coding,coding_completion,pass@1,0.0
vicuna-7b-v1.5,instruction_following,story_generation,combined_score,0.5816666666666667
vicuna-7b-v1.5,language,connections,accuracy,0.01
vicuna-7b-v1.5,language,plot_unscrambling,score,0.10979979179811246
vicuna-7b-v1.5,language,typos,accuracy,0.14
vicuna-7b-v1.5-16k,coding,LCB_generation,pass@1,0.01282051282051282
vicuna-7b-v1.5-16k,coding,coding_completion,pass@1,0.04
vicuna-7b-v1.5-16k,instruction_following,story_generation,combined_score,0.6333333333333333
vicuna-7b-v1.5-16k,language,connections,accuracy,0.01
vicuna-7b-v1.5-16k,language,plot_unscrambling,score,0.10748789869585282
vicuna-7b-v1.5-16k,language,typos,accuracy,0.12
wbot-4:347b_no_s,coding,LCB_generation,pass@1,0.6025641025641025
wbot-4:347b_no_s,coding,coding_completion,pass@1,0.68
wbot-4:347b_no_s,instruction_following,paraphrase,combined_score,0.7189999999999999
wbot-4:347b_no_s,language,connections,accuracy,0.32666666666666666
wbot-4:347b_no_s,language,plot_unscrambling,score,0.22982723315235182
wbot-4:347b_no_s,language,typos,accuracy,0.4
yi-6b-chat,coding,LCB_generation,pass@1,0.0
zephyr-7b-alpha,coding,LCB_generation,pass@1,0.20512820512820512
zephyr-7b-alpha,coding,coding_completion,pass@1,0.04
zephyr-7b-alpha,instruction_following,story_generation,combined_score,0.5633333333333334
zephyr-7b-alpha,language,connections,accuracy,0.04
zephyr-7b-alpha,language,plot_unscrambling,score,0.11590135001756693
zephyr-7b-alpha,language,typos,accuracy,0.06
zephyr-7b-beta,coding,LCB_generation,pass@1,0.14102564102564102
zephyr-7b-beta,coding,coding_completion,pass@1,0.02
zephyr-7b-beta,instruction_following,story_generation,combined_score,0.5883333333333334
zephyr-7b-beta,language,connections,accuracy,0.0
zephyr-7b-beta,language,plot_unscrambling,score,0.10854144659763625
zephyr-7b-beta,language,typos,accuracy,0.02
